deliverydate,peaktype,coast,east,far_west,north,north_c,southern,south_c,west,total
1/4/2016 0:00,PeakWD,10231,1536,2113,1015,13127,3188,6435,1336,38984
1/5/2016 0:00,PeakWD,10494,1706,2175,969,14079,3189,6548,1469,40632
1/6/2016 0:00,PeakWD,10386,1619,2109,834,13711,2839,6440,1406,39347
1/7/2016 0:00,PeakWD,9806,1377,2075,680,11669,2715,5611,1326,35263
1/8/2016 0:00,PeakWD,9937,1377,2102,791,11866,2714,5686,1228,35705
1/11/2016 0:00,PeakWD,11162,1733,2129,1059,14078,3552,6809,1350,41876
1/12/2016 0:00,PeakWD,10418,1547,2088,869,12395,3066,6150,1323,37860
1/13/2016 0:00,PeakWD,10199,1479,2078,765,11870,3001,5934,1310,36640
1/14/2016 0:00,PeakWD,10053,1403,2088,645,11394,2843,5663,1458,35551
1/15/2016 0:00,PeakWD,9837,1308,2032,837,11312,2834,5564,1199,34927
1/18/2016 0:00,PeakWD,10453,1605,2147,1077,14008,2851,6233,1429,39806
1/19/2016 0:00,PeakWD,9968,1485,2031,852,12396,2731,5819,1446,36731
1/20/2016 0:00,PeakWD,10056,1473,2040,1005,13391,2765,5993,1340,38067
1/21/2016 0:00,PeakWD,10352,1702,2089,973,14670,2712,5752,1500,39752
1/22/2016 0:00,PeakWD,11365,1776,2059,1052,14385,2843,6478,1368,41329
1/25/2016 0:00,PeakWD,10094,1374,2026,771,11012,2714,5546,1255,34795
1/26/2016 0:00,PeakWD,10457,1579,2243,998,13581,3026,6777,1428,40093
1/27/2016 0:00,PeakWD,10866,1630,2100,899,12849,3545,6526,1347,39766
1/28/2016 0:00,PeakWD,10463,1541,2024,887,11828,3013,6029,1236,37025
1/29/2016 0:00,PeakWD,10127,1318,2011,666,10921,2758,5630,1428,34861
2/1/2016 0:00,PeakWD,10598,1391,1963,904,10909,2961,5646,1205,35582
2/2/2016 0:00,PeakWD,9973,1343,2042,818,10931,2701,5465,1385,34661
2/3/2016 0:00,PeakWD,9956,1534,2106,1063,12959,2788,6092,1322,37823
2/4/2016 0:00,PeakWD,10332,1604,2096,990,12698,2969,6275,1328,38294
2/5/2016 0:00,PeakWD,10259,1562,2096,783,12289,2889,6095,1504,37480
2/8/2016 0:00,PeakWD,10394,1612,2069,798,12756,2864,6098,1442,38035
2/9/2016 0:00,PeakWD,10264,1541,2007,808,12136,2817,5801,1251,36629
2/10/2016 0:00,PeakWD,9952,1434,1991,620,11492,2744,5639,1373,35250
2/11/2016 0:00,PeakWD,10001,1344,1957,745,10908,2769,5611,1142,34481
2/12/2016 0:00,PeakWD,10171,1319,1971,799,10660,2781,5548,1182,34435
2/15/2016 0:00,PeakWD,10312,1294,1987,767,10648,2977,5538,1249,34776
2/16/2016 0:00,PeakWD,10238,1309,1974,791,10754,2944,5565,1219,34798
2/17/2016 0:00,PeakWD,9915,1329,1988,666,10883,2908,5456,1412,34561
2/18/2016 0:00,PeakWD,10275,1376,1998,602,10847,2962,5638,1467,35168
2/19/2016 0:00,PeakWD,10657,1400,1997,764,10900,3040,5829,1169,35761
2/22/2016 0:00,PeakWD,9831,1324,1976,836,10741,3049,5570,1107,34438
2/23/2016 0:00,PeakWD,9748,1482,2103,1055,13173,2996,5671,1324,37555
2/24/2016 0:00,PeakWD,9886,1434,2021,928,11960,2711,5773,1174,35890
2/25/2016 0:00,PeakWD,9851,1431,2024,915,11672,2673,5677,1146,35392
2/26/2016 0:00,PeakWD,9673,1448,1991,888,11251,2636,5560,1113,34565
2/29/2016 0:00,PeakWD,10278,1382,1980,849,10849,3017,5746,1139,35244
3/1/2016 0:00,PeakWD,10344,1369,1941,828,10630,3234,5872,1126,35348
3/2/2016 0:00,PeakWD,9824,1301,1981,864,10741,3090,5654,1197,34656
3/3/2016 0:00,PeakWD,10657,1339,1942,816,10694,3422,6068,1114,36056
3/4/2016 0:00,PeakWD,9831,1294,1975,837,10462,2955,5474,1133,33965
3/7/2016 0:00,PeakWD,10440,1382,1983,851,10717,3242,5904,1149,35672
3/8/2016 0:00,PeakWD,10468,1383,1949,825,10790,3347,6360,1128,36253
3/9/2016 0:00,PeakWD,10238,1284,1954,817,10757,2718,5556,1098,34424
3/10/2016 0:00,PeakWD,10168,1306,1945,823,10747,2737,5539,1121,34390
3/11/2016 0:00,PeakWD,10350,1257,1936,841,10659,2615,5484,1097,34243
3/14/2016 0:00,PeakWD,11457,1402,1987,880,11383,3293,6376,1058,37839
3/15/2016 0:00,PeakWD,11856,1486,1957,832,11572,3371,6670,1039,38787
3/16/2016 0:00,PeakWD,11251,1387,1992,838,10945,3096,6162,1096,36770
3/17/2016 0:00,PeakWD,11400,1318,1985,806,10576,3170,6228,1111,36597
3/18/2016 0:00,PeakWD,11668,1352,1946,899,10552,3322,6212,1167,37121
3/21/2016 0:00,PeakWD,9743,1400,2003,922,11244,2600,5601,1184,34701
3/22/2016 0:00,PeakWD,9786,1302,2024,885,10869,2803,5547,1167,34388
3/23/2016 0:00,PeakWD,10311,1422,1976,890,11495,3198,6118,1181,36595
3/24/2016 0:00,PeakWD,9513,1313,1919,868,10608,2810,5343,1057,33434
3/25/2016 0:00,PeakWD,9208,1283,1945,845,10386,2654,5315,1121,32762
3/28/2016 0:00,PeakWD,10394,1415,1980,905,10858,2909,5350,1136,34951
3/29/2016 0:00,PeakWD,10418,1398,2041,901,11142,3046,5355,1176,35479
3/30/2016 0:00,PeakWD,10891,1432,2017,914,11526,3193,5942,1228,37146
3/31/2016 0:00,PeakWD,12289,1546,1921,825,11266,3825,6360,1161,39196
4/1/2016 0:00,PeakWD,9477,1323,2002,814,10498,2982,5296,1099,33495
4/4/2016 0:00,PeakWD,10492,1369,2008,886,11701,3120,5876,1106,36561
4/5/2016 0:00,PeakWD,10722,1401,2045,937,12050,3171,5911,1184,37424
4/6/2016 0:00,PeakWD,10585,1179,1983,848,11406,3303,5936,1214,36458
4/7/2016 0:00,PeakWD,10944,1144,2021,892,12058,3272,5918,1156,37411
4/8/2016 0:00,PeakWD,10670,1190,1958,823,10917,3159,5682,1090,35493
4/11/2016 0:00,PeakWD,11553,1551,2018,876,12438,3532,7070,1254,40296
4/12/2016 0:00,PeakWD,11507,1411,1919,846,10769,3338,5786,1173,36753
4/13/2016 0:00,PeakWD,10493,1396,1917,865,10566,3111,5597,1188,35138
4/14/2016 0:00,PeakWD,11015,1367,2004,876,10959,3398,5939,1227,36788
4/15/2016 0:00,PeakWD,11328,1393,2065,889,11069,3267,6025,1202,37241
4/18/2016 0:00,PeakWD,9733,1446,1926,826,11254,3461,5950,1092,35692
4/19/2016 0:00,PeakWD,11424,1579,1977,857,11781,3504,6156,1120,38402
4/20/2016 0:00,PeakWD,11232,1464,1991,839,11308,3683,6449,1117,38086
4/21/2016 0:00,PeakWD,10500,1468,2007,859,11669,3647,6274,1148,37576
4/22/2016 0:00,PeakWD,11453,1472,2036,891,11824,3566,6388,1197,38829
4/25/2016 0:00,PeakWD,13040,1709,2134,1014,13942,3961,7588,1340,44732
4/26/2016 0:00,PeakWD,12953,1796,2072,1004,14053,3853,7310,1340,44383
4/27/2016 0:00,PeakWD,12883,1614,2073,922,12870,3957,7030,1203,42556
4/28/2016 0:00,PeakWD,13345,1732,2181,983,13238,3856,7199,1264,43801
4/29/2016 0:00,PeakWD,13672,1653,2134,1059,12954,3805,7351,1314,43946
5/2/2016 0:00,PeakWD,10842,1431,2007,829,10464,3021,5440,1053,35090
5/3/2016 0:00,PeakWD,10984,1423,2067,810,11022,2920,5817,1106,36153
5/4/2016 0:00,PeakWD,11532,1492,2113,859,12079,3406,6454,1155,39095
5/5/2016 0:00,PeakWD,12115,1528,2140,919,12590,3676,6849,1218,41039
5/6/2016 0:00,PeakWD,12120,1531,2187,944,12700,3621,6793,1297,41197
5/9/2016 0:00,PeakWD,12744,1634,2145,992,13437,3679,7379,1314,43328
5/10/2016 0:00,PeakWD,14008,1852,2253,1166,16013,4004,8384,1416,49101
5/11/2016 0:00,PeakWD,13622,1794,2314,1065,15339,3943,7716,1406,47203
5/12/2016 0:00,PeakWD,14366,1728,2145,986,13369,3832,7321,1245,44995
5/13/2016 0:00,PeakWD,13569,1686,2250,977,13658,3958,7978,1328,45408
5/16/2016 0:00,PeakWD,10996,1380,2230,929,12391,3804,6672,1274,39679
5/17/2016 0:00,PeakWD,12854,1641,1985,899,12702,3998,6665,1199,41948
5/18/2016 0:00,PeakWD,12643,1395,1954,807,10728,3484,6031,1060,38105
5/19/2016 0:00,PeakWD,10452,1278,1966,766,10901,3370,5853,1124,35713
5/20/2016 0:00,PeakWD,12485,1493,2129,1248,12014,3391,6605,1210,40578
5/23/2016 0:00,PeakWD,13520,1785,2307,1162,13435,4101,7571,1375,45261
5/24/2016 0:00,PeakWD,14394,1952,2318,1099,14708,4103,7887,1382,47846
5/25/2016 0:00,PeakWD,15309,1940,2385,1144,15321,4256,7937,1450,49746
5/26/2016 0:00,PeakWD,13395,1566,2324,1088,13596,4289,8161,1421,45844
5/27/2016 0:00,PeakWD,11962,1333,2196,972,12546,4425,7320,1150,41908
5/31/2016 0:00,PeakWD,13920,1798,1912,959,13791,4161,6945,1320,44809
6/1/2016 0:00,PeakWD,13086,1633,1823,910,13783,3838,7661,1248,43986
6/2/2016 0:00,PeakWD,11733,1592,1791,888,12758,3707,7061,1092,40625
6/3/2016 0:00,PeakWD,11744,1616,2038,929,13487,3648,7017,1260,41744
6/6/2016 0:00,PeakWD,13527,1827,2275,1082,15253,3909,7895,1293,47064
6/7/2016 0:00,PeakWD,14374,1971,2294,1113,16287,4148,8428,1354,49971
6/8/2016 0:00,PeakWD,14619,2004,2328,1212,16873,4059,8646,1423,51168
6/9/2016 0:00,PeakWD,14290,2060,2361,1244,17249,4280,8609,1515,51611
6/10/2016 0:00,PeakWD,14692,2048,2328,1234,17269,4251,8554,1486,51864
6/13/2016 0:00,PeakWD,15436,1944,2449,1092,15470,4615,9395,1635,52039
6/14/2016 0:00,PeakWD,15866,2149,2493,1230,17177,4599,9140,1619,54276
6/15/2016 0:00,PeakWD,16387,2117,2368,1315,18787,4661,9624,1666,56928
6/16/2016 0:00,PeakWD,16530,2162,2413,1342,19084,4638,9567,1644,57383
6/17/2016 0:00,PeakWD,16373,2157,2493,1359,18869,4656,9573,1650,57132
6/20/2016 0:00,PeakWD,15339,2175,2383,1295,18718,4277,9345,1555,55089
6/21/2016 0:00,PeakWD,14803,2213,2435,1347,19492,4462,9530,1616,55902
6/22/2016 0:00,PeakWD,15295,2223,2511,1392,19544,4544,9547,1678,56738
6/23/2016 0:00,PeakWD,15650,2163,2475,1373,19146,4466,9216,1649,56142
6/24/2016 0:00,PeakWD,15280,2130,2442,1337,18296,4453,8997,1616,54554
6/27/2016 0:00,PeakWD,15689,2251,2188,1272,19139,4475,9348,1519,55883
6/28/2016 0:00,PeakWD,14246,2036,2332,1312,18567,4632,8881,1489,53498
6/29/2016 0:00,PeakWD,15182,2091,2432,1284,18486,4495,9152,1569,54694
6/30/2016 0:00,PeakWD,15794,2192,2444,1291,18802,4640,9540,1618,56325
7/1/2016 0:00,PeakWD,15843,2208,2443,1334,18753,4640,9434,1663,56321
7/5/2016 0:00,PeakWD,16885,2189,2509,1295,17942,4806,10002,1766,57398
7/6/2016 0:00,PeakWD,16637,2301,2509,1406,19493,4762,9947,1881,58939
7/7/2016 0:00,PeakWD,16560,2443,2492,1392,19243,4834,9907,1824,58697
7/8/2016 0:00,PeakWD,16651,2382,2467,1353,19021,4724,9858,1737,58196
7/11/2016 0:00,PeakWD,16442,2434,2614,1192,18939,4714,9877,1823,58038
7/12/2016 0:00,PeakWD,16685,2435,2637,1297,18805,4729,9803,1786,58181
7/13/2016 0:00,PeakWD,16961,2360,2630,1410,19828,4842,10146,1822,60003
7/14/2016 0:00,PeakWD,16864,2288,2552,1388,19809,4823,10167,1776,59671
7/15/2016 0:00,PeakWD,16757,2231,2514,1253,17365,4757,10017,1747,56643
7/18/2016 0:00,PeakWD,15611,2297,2563,1372,19553,4770,9927,1720,57817
7/19/2016 0:00,PeakWD,15162,2319,2555,1385,20009,4587,9758,1743,57523
7/20/2016 0:00,PeakWD,16289,2311,2569,1434,20110,4711,9863,1754,59044
7/21/2016 0:00,PeakWD,16660,2299,2580,1452,20347,4603,9995,1753,59692
7/22/2016 0:00,PeakWD,16644,2340,2570,1442,20355,4674,10093,1750,59870
7/25/2016 0:00,PeakWD,15294,2104,2637,1375,18956,4880,9897,1789,56936
7/26/2016 0:00,PeakWD,13688,2167,2482,1304,19338,4515,8456,1668,53621
7/27/2016 0:00,PeakWD,13831,2103,2534,1254,18556,4522,8036,1644,52483
7/28/2016 0:00,PeakWD,13961,2007,2541,1338,18617,4619,8650,1657,53394
7/29/2016 0:00,PeakWD,15530,2050,2502,1336,18473,4556,9060,1647,55156
8/1/2016 0:00,PeakWD,16458,2332,2586,1452,19932,4726,9623,1731,58844
8/2/2016 0:00,PeakWD,16656,2379,2527,1404,19978,4770,9893,1743,59354
8/3/2016 0:00,PeakWD,16826,2405,2599,1460,21057,4773,10009,1776,60907
8/4/2016 0:00,PeakWD,16738,2390,2637,1513,20925,4827,10032,1776,60840
8/5/2016 0:00,PeakWD,16835,2410,2611,1473,20724,4851,9972,1761,60640
8/8/2016 0:00,PeakWD,17189,2383,2673,1371,21241,5057,10319,1769,62007
8/9/2016 0:00,PeakWD,17608,2441,2424,1311,21061,5095,10373,1693,62010
8/10/2016 0:00,PeakWD,17484,2481,2495,1445,21602,5122,10504,1773,62908
8/11/2016 0:00,PeakWD,17594,2445,2565,1466,21725,5125,10517,1788,63228
8/12/2016 0:00,PeakWD,16846,2383,2388,1390,20260,4947,10500,1692,60408
8/15/2016 0:00,PeakWD,13683,1694,2396,1166,13929,4263,6897,1391,45422
8/16/2016 0:00,PeakWD,12937,1729,2415,1202,14691,3871,7319,1360,45527
8/17/2016 0:00,PeakWD,12937,1721,2404,1180,14510,4098,7642,1408,45904
8/18/2016 0:00,PeakWD,13437,1779,2409,1059,15356,4514,8133,1382,48073
8/19/2016 0:00,PeakWD,14606,1890,2401,1025,14295,4553,8935,1448,49156
8/22/2016 0:00,PeakWD,13774,1815,2341,1137,15516,4526,8458,1390,48960
8/23/2016 0:00,PeakWD,15988,2112,2346,1307,17954,4583,9051,1545,54889
8/24/2016 0:00,PeakWD,15939,2152,2267,1310,18246,4627,9061,1501,55107
8/25/2016 0:00,PeakWD,14635,2132,2298,1326,18673,4595,9037,1454,54153
8/26/2016 0:00,PeakWD,13776,1884,2227,1215,16652,4519,8905,1454,50637
8/29/2016 0:00,PeakWD,13147,1927,2193,1274,16530,4415,8221,1405,49115
8/30/2016 0:00,PeakWD,14642,2083,2227,1271,17560,3937,8175,1389,51287
8/31/2016 0:00,PeakWD,15276,2148,2245,1274,18543,4220,8874,1466,54050
9/1/2016 0:00,PeakWD,15705,2112,2191,1133,16865,4472,9132,1360,52972
9/2/2016 0:00,PeakWD,15100,2003,2294,1112,15962,4476,8302,1379,50631
9/6/2016 0:00,PeakWD,15801,2159,2369,1348,18113,4576,8938,1522,54829
9/7/2016 0:00,PeakWD,15243,2208,2355,1385,18813,4623,9379,1521,55530
9/8/2016 0:00,PeakWD,15597,2177,2403,1400,18922,4566,9177,1544,55789
9/9/2016 0:00,PeakWD,14269,2087,2435,1357,18570,4534,9144,1521,53922
9/12/2016 0:00,PeakWD,14764,1992,2323,1201,16718,4526,8892,1417,51837
9/13/2016 0:00,PeakWD,13974,2072,2336,1248,17477,4533,8642,1398,51684
9/14/2016 0:00,PeakWD,15042,2104,2301,1186,17014,4439,8981,1437,52507
9/15/2016 0:00,PeakWD,15316,2077,2350,1193,17811,4353,9042,1419,53564
9/16/2016 0:00,PeakWD,15002,2124,2277,1194,17709,4507,9129,1381,53325
9/19/2016 0:00,PeakWD,16466,2261,2365,1357,19820,4778,9901,1574,58526
9/20/2016 0:00,PeakWD,15627,2106,2372,1374,19734,4636,9609,1508,56970
9/21/2016 0:00,PeakWD,15295,1983,2296,1291,18124,4478,9021,1452,53942
9/22/2016 0:00,PeakWD,15406,2067,2332,1269,17449,4385,8921,1480,53312
9/23/2016 0:00,PeakWD,14620,2067,2356,1296,17785,4518,8899,1466,53011
9/26/2016 0:00,PeakWD,13878,1620,2030,910,11596,3695,6646,1063,41441
9/27/2016 0:00,PeakWD,13382,1571,2056,928,12275,3283,6464,1158,41119
9/28/2016 0:00,PeakWD,13848,1626,2165,1030,13653,3707,7541,1258,44832
9/29/2016 0:00,PeakWD,12942,1582,2032,952,12824,4022,7062,1047,42467
9/30/2016 0:00,PeakWD,11738,1481,2140,971,12302,3612,6441,1129,39818
10/3/2016 0:00,PeakWD,13380,1632,2278,1113,14136,4172,7383,1260,45357
10/4/2016 0:00,PeakWD,14444,1740,2249,1117,15138,4380,8108,1330,48509
10/5/2016 0:00,PeakWD,14959,1967,2289,1208,16767,4497,8578,1388,51658
10/6/2016 0:00,PeakWD,14506,1878,2346,1193,16440,4492,8614,1388,50859
10/7/2016 0:00,PeakWD,14365,1702,2058,883,11550,4110,7374,1072,43118
10/10/2016 0:00,PeakWD,12095,1591,2208,961,11931,3609,6313,1123,39834
10/11/2016 0:00,PeakWD,13040,1703,2278,1051,13194,3759,6744,1193,42963
10/12/2016 0:00,PeakWD,14149,1947,2278,1066,15309,4146,7584,1238,47721
10/13/2016 0:00,PeakWD,14158,1847,2065,872,12018,4196,7924,1118,44201
10/14/2016 0:00,PeakWD,13350,1697,2165,951,11706,4076,7602,1382,42933
10/17/2016 0:00,PeakWD,14612,1986,2348,1250,15764,4224,8504,1554,50246
10/18/2016 0:00,PeakWD,14724,1949,2236,1136,16228,4269,8328,1293,50167
10/19/2016 0:00,PeakWD,14223,1978,2276,1188,15812,4236,8430,1339,49486
10/20/2016 0:00,PeakWD,12605,1620,2131,944,12208,3875,6807,1129,41321
10/21/2016 0:00,PeakWD,10479,1424,2089,942,10896,3059,5781,1069,35744
10/24/2016 0:00,PeakWD,11986,1554,2195,1328,12919,3689,6903,1170,41747
10/25/2016 0:00,PeakWD,12220,1522,2168,1194,12465,3542,6812,1172,41098
10/26/2016 0:00,PeakWD,12311,1561,2236,1239,13167,3698,7023,1273,42511
10/27/2016 0:00,PeakWD,12182,1577,2223,1326,13814,3594,7167,1229,43116
10/28/2016 0:00,PeakWD,12531,1674,2200,1291,13044,3512,6833,1189,42278
10/31/2016 0:00,PeakWD,12388,1598,2246,1276,13241,3717,6906,1210,42586
11/1/2016 0:00,PeakWD,12629,1663,2250,1317,14131,4019,7689,1249,44952
11/2/2016 0:00,PeakWD,13272,1698,2210,1341,13920,4036,7712,1272,45462
11/3/2016 0:00,PeakWD,13091,1654,2090,956,12002,3845,7065,1122,41830
11/4/2016 0:00,PeakWD,12633,1496,2079,847,11863,3571,6223,1109,39825
11/7/2016 0:00,PeakWD,11427,1468,2110,856,11251,3596,6171,1138,38021
11/8/2016 0:00,PeakWD,10643,1387,2056,862,11072,2919,5881,1082,35904
11/9/2016 0:00,PeakWD,10589,1308,2070,815,10953,2830,5597,1045,35211
11/10/2016 0:00,PeakWD,10120,1252,2089,855,10981,2765,5564,1045,34674
11/11/2016 0:00,PeakWD,10070,1264,2061,875,10959,2768,5586,1028,34615
11/14/2016 0:00,PeakWD,10588,1365,2094,866,11467,2997,6017,1061,36460
11/15/2016 0:00,PeakWD,10950,1417,2097,846,11610,3206,6197,1057,37384
11/16/2016 0:00,PeakWD,11163,1454,2111,934,11978,3171,6154,1102,38072
11/17/2016 0:00,PeakWD,11682,1429,2113,942,11882,3369,6287,1132,38838
11/18/2016 0:00,PeakWD,10830,1337,2118,913,10690,3349,5884,1064,36190
11/21/2016 0:00,PeakWD,10092,1402,2094,917,10966,2905,5665,1079,35122
11/22/2016 0:00,PeakWD,10970,1403,2093,927,11164,3213,5939,1088,36800
11/23/2016 0:00,PeakWD,10149,1326,2107,884,10866,3186,5667,1081,35271
11/25/2016 0:00,PeakWD,9373,1166,2103,848,9835,2980,5218,1045,32572
11/28/2016 0:00,PeakWD,11412,1370,2121,942,10943,3484,6064,1118,37459
11/29/2016 0:00,PeakWD,11778,1380,2126,864,10970,3433,5810,1064,37429
11/30/2016 0:00,PeakWD,10181,1453,2155,973,11512,2827,5671,1109,35884
12/1/2016 0:00,PeakWD,10076,1471,2133,948,11595,2777,5739,1099,35841
12/2/2016 0:00,PeakWD,9987,1438,2180,919,11311,3011,5725,1159,35735
12/5/2016 0:00,PeakWD,10678,1600,2148,1044,12521,2828,6420,1253,38495
12/6/2016 0:00,PeakWD,10099,1516,2216,1000,12875,2840,6047,1298,37895
12/7/2016 0:00,PeakWD,10246,1551,2290,1051,13191,2923,6364,1343,38962
12/8/2016 0:00,PeakWD,11403,1990,2501,1187,16764,3514,8026,1617,47005
12/9/2016 0:00,PeakWD,11425,1772,2311,1151,15983,3896,7660,1513,45714
12/12/2016 0:00,PeakWD,10556,1741,2152,1024,11919,2950,5823,1135,37303
12/13/2016 0:00,PeakWD,10880,1713,2156,996,12182,3026,5688,1134,37780
12/14/2016 0:00,PeakWD,10141,1658,2197,1094,13481,2878,5976,1236,38664
12/15/2016 0:00,PeakWD,10392,1418,2326,1256,14895,2804,6412,1414,40919
12/16/2016 0:00,PeakWD,10457,1367,2135,1055,12582,2875,5930,1127,37532
12/19/2016 0:00,PeakWD,12494,2114,2308,1299,17304,4261,8298,1891,49972
12/20/2016 0:00,PeakWD,11099,1639,2191,1061,14076,3257,6757,1677,41761
12/21/2016 0:00,PeakWD,10199,1452,2176,1022,12441,2942,6012,1334,37582
12/22/2016 0:00,PeakWD,10044,1824,2214,1023,12201,2879,5774,1260,37224
12/23/2016 0:00,PeakWD,10287,1515,2140,1000,12128,2998,5635,1146,36851
12/27/2016 0:00,PeakWD,11689,1181,2148,963,10285,3295,5966,1647,37177
12/28/2016 0:00,PeakWD,11628,1327,2121,881,10885,3248,6260,1265,37619
12/29/2016 0:00,PeakWD,9900,1356,2277,972,11413,2843,5555,1192,35513
12/30/2016 0:00,PeakWD,10084,1500,2289,1075,12458,2749,6178,1350,37686
1/3/2017 0:00,PeakWD,10236,1456,2144,1081,12937,2995,5671,1167,37689
1/4/2017 0:00,PeakWD,10568,1771,2212,1226,15463,2851,6864,1371,42330
1/5/2017 0:00,PeakWD,10540,1759,2399,1315,16742,2876,6303,1426,43365
1/6/2017 0:00,PeakWD,13468,2306,2456,1418,20509,4377,9758,1852,56148
1/9/2017 0:00,PeakWD,10189,1583,2146,1052,12455,2911,6004,1270,37614
1/10/2017 0:00,PeakWD,10487,1310,2123,888,11008,2890,5673,1137,35519
1/11/2017 0:00,PeakWD,10837,1354,2122,953,11208,3013,5780,1115,36386
1/12/2017 0:00,PeakWD,11288,1400,2118,925,11203,3132,5993,1097,37159
1/13/2017 0:00,PeakWD,11154,1370,2305,1047,12893,3098,5961,1239,39069
1/16/2017 0:00,PeakWD,11253,1357,2142,954,11230,3063,5616,1149,36767
1/17/2017 0:00,PeakWD,10325,1439,2303,969,12990,3082,6103,1315,38529
1/18/2017 0:00,PeakWD,10292,1483,2173,1021,12892,2762,6046,1247,37920
1/19/2017 0:00,PeakWD,10089,1424,2194,970,11542,2748,5674,1149,35792
1/20/2017 0:00,PeakWD,10538,1223,2168,941,10930,2792,5574,1116,35287
1/23/2017 0:00,PeakWD,10015,1320,2153,976,11350,2778,5633,1122,35349
1/24/2017 0:00,PeakWD,10602,1324,2120,968,11023,3106,5763,1085,35996
1/25/2017 0:00,PeakWD,10058,1341,2252,976,12159,2876,5448,1188,36302
1/26/2017 0:00,PeakWD,9980,1550,2251,986,13132,2708,6042,1275,37927
1/27/2017 0:00,PeakWD,10425,1562,2359,1023,13133,2938,6438,1325,39206
1/30/2017 0:00,PeakWD,10332,1344,2073,915,11152,2805,5734,1222,35580
1/31/2017 0:00,PeakWD,10186,1325,2043,902,11033,2780,5637,1203,35112
2/1/2017 0:00,PeakWD,10682,1354,2024,915,10984,2968,5640,1190,35761
2/2/2017 0:00,PeakWD,10360,1446,2121,1072,13115,3002,5834,1282,38234
2/3/2017 0:00,PeakWD,10062,1501,2187,1003,12744,2808,6508,1434,38251
2/6/2017 0:00,PeakWD,10990,1392,2057,962,11554,3150,5924,1197,37231
2/7/2017 0:00,PeakWD,11605,1382,2043,842,11248,3336,6157,1166,37783
2/8/2017 0:00,PeakWD,11681,1374,2033,933,10956,3422,5965,1163,37532
2/9/2017 0:00,PeakWD,9731,1358,2045,1050,11876,2835,5548,1238,35684
2/10/2017 0:00,PeakWD,10153,1329,2106,987,10989,3085,5665,1189,35505
2/13/2017 0:00,PeakWD,10652,1340,2210,920,10897,3288,5954,1298,36563
2/14/2017 0:00,PeakWD,9710,1389,2254,1073,13337,2762,5622,1386,37538
2/15/2017 0:00,PeakWD,9784,1388,2117,973,12028,2717,5778,1268,36056
2/16/2017 0:00,PeakWD,9701,1427,2121,972,11465,2746,5665,1213,35315
2/17/2017 0:00,PeakWD,9584,1358,2069,897,10866,2958,5538,1156,34430
2/20/2017 0:00,PeakWD,9920,1358,2092,918,10904,2805,5637,1182,34819
2/21/2017 0:00,PeakWD,10027,1329,2066,880,10944,2992,5615,1171,35027
2/22/2017 0:00,PeakWD,10481,1380,2112,896,11285,3176,5974,1178,36485
2/23/2017 0:00,PeakWD,10767,1401,2116,967,11890,3370,6277,1245,38036
2/24/2017 0:00,PeakWD,10733,1305,2057,884,10578,3293,5765,1157,35775
2/27/2017 0:00,PeakWD,11449,1450,2073,937,11167,3399,6122,1214,37816
2/28/2017 0:00,PeakWD,11881,1513,2095,940,11882,3533,6271,1220,39337
3/1/2017 0:00,PeakWD,11209,1280,2072,893,10762,3264,5641,1161,36285
3/2/2017 0:00,PeakWD,9701,1298,2082,852,11067,2650,5516,1243,34414
3/3/2017 0:00,PeakWD,9675,1329,2118,924,10763,2771,5503,1261,34347
3/6/2017 0:00,PeakWD,11301,1488,2132,962,11762,3564,6317,1201,38730
3/7/2017 0:00,PeakWD,11434,1379,2071,911,10701,3632,5691,1104,36927
3/8/2017 0:00,PeakWD,10480,1374,2129,905,10994,3333,5681,1135,36035
3/9/2017 0:00,PeakWD,11398,1461,2108,886,11437,3256,6110,1192,37851
3/10/2017 0:00,PeakWD,11325,1496,2084,833,10960,3124,6020,1150,36995
3/13/2017 0:00,PeakWD,9877,1420,2072,952,10976,2619,5548,1147,34614
3/14/2017 0:00,PeakWD,9870,1377,2097,949,11145,2738,5429,1141,34750
3/15/2017 0:00,PeakWD,9586,1286,2092,947,10805,2968,5504,1112,34302
3/16/2017 0:00,PeakWD,10125,1318,2144,920,10800,3123,5734,1194,35361
3/17/2017 0:00,PeakWD,10731,1344,2143,950,11162,3222,5997,1243,36796
3/20/2017 0:00,PeakWD,12296,1556,2223,1017,13347,3418,6598,1267,41724
3/21/2017 0:00,PeakWD,12243,1531,2210,1016,13121,3442,6609,1305,41480
3/22/2017 0:00,PeakWD,12415,1527,2213,956,12980,3479,6561,1258,41393
3/23/2017 0:00,PeakWD,12206,1591,2178,1037,12763,3420,6430,1241,40870
3/24/2017 0:00,PeakWD,11888,1393,2086,964,11373,3495,6349,1266,38818
3/27/2017 0:00,PeakWD,13258,1594,2106,907,11756,3649,7136,1299,41709
3/28/2017 0:00,PeakWD,13494,1603,2128,886,12138,3767,6888,1283,42191
3/29/2017 0:00,PeakWD,12234,1454,2055,920,11817,3633,6424,1228,39767
3/30/2017 0:00,PeakWD,11187,1405,2080,887,11201,3249,5960,1224,37196
3/31/2017 0:00,PeakWD,11792,1484,2166,946,12031,3493,6374,1326,39615
4/3/2017 0:00,PeakWD,12011,1529,2099,909,11581,3525,6275,1223,39156
4/4/2017 0:00,PeakWD,12825,1581,2053,933,12339,3751,6783,1282,41550
4/5/2017 0:00,PeakWD,10477,1340,2024,896,10693,3166,5564,1199,35362
4/6/2017 0:00,PeakWD,10655,1409,2084,887,11116,3007,5728,1142,36033
4/7/2017 0:00,PeakWD,11036,1408,2135,960,11277,3017,5869,1195,36901
4/10/2017 0:00,PeakWD,12161,1623,2144,900,12242,3641,6868,1245,40828
4/11/2017 0:00,PeakWD,10599,1435,2134,932,11533,3482,5998,1206,37321
4/12/2017 0:00,PeakWD,11159,1551,2041,900,11726,3133,6256,1200,37968
4/13/2017 0:00,PeakWD,11729,1604,2078,917,12359,3410,6661,1212,39974
4/14/2017 0:00,PeakWD,11183,1561,2154,1000,12183,3371,6524,1244,39224
4/17/2017 0:00,PeakWD,11934,1654,2167,906,11655,3480,6296,1305,39400
4/18/2017 0:00,PeakWD,10900,1569,2224,1009,12874,3531,6510,1331,39951
4/19/2017 0:00,PeakWD,12229,1618,2285,1050,13214,3686,7136,1374,42594
4/20/2017 0:00,PeakWD,12899,1697,2304,1037,14008,3799,7386,1423,44559
4/21/2017 0:00,PeakWD,12878,1694,2320,987,13491,3872,7514,1432,44191
4/24/2017 0:00,PeakWD,10805,1465,2274,985,11341,3398,6112,1296,37680
4/25/2017 0:00,PeakWD,12063,1643,2265,1025,13493,4156,7267,1421,43337
4/26/2017 0:00,PeakWD,13196,1618,2136,888,11227,4373,7494,1309,42247
4/27/2017 0:00,PeakWD,11223,1448,2264,960,11134,3932,6557,1315,38836
4/28/2017 0:00,PeakWD,14132,1872,2332,1011,13847,4428,8214,1408,47247
5/1/2017 0:00,PeakWD,11734,1533,2165,868,11756,3761,6690,1211,39721
5/2/2017 0:00,PeakWD,12731,1687,2266,959,13496,4013,7391,1359,43906
5/3/2017 0:00,PeakWD,13244,1677,2218,894,12239,4277,7909,1402,43863
5/4/2017 0:00,PeakWD,10342,1755,2033,868,10735,3484,6149,1195,36565
5/5/2017 0:00,PeakWD,10855,1413,2205,891,11531,3574,6334,1266,38072
5/8/2017 0:00,PeakWD,12270,1653,2264,1016,13740,3612,6668,1308,42534
5/9/2017 0:00,PeakWD,12556,1671,2296,1017,13558,3892,6510,1293,42796
5/10/2017 0:00,PeakWD,12666,1608,2277,972,13441,4094,6978,1464,43504
5/11/2017 0:00,PeakWD,13289,1611,2268,1019,14116,4132,7250,1443,45131
5/12/2017 0:00,PeakWD,12822,1498,2226,859,12202,4244,7049,1390,42293
5/15/2017 0:00,PeakWD,13360,1784,2462,1171,15537,4224,8077,1587,48204
5/16/2017 0:00,PeakWD,13550,1729,2436,1065,14088,4187,7203,1532,45793
5/17/2017 0:00,PeakWD,13507,1700,2301,1162,15318,4332,7641,1490,47456
5/18/2017 0:00,PeakWD,14589,1889,2389,1200,16824,4486,8428,1585,51396
5/19/2017 0:00,PeakWD,14763,1924,2324,950,15160,4576,8404,1439,49544
5/22/2017 0:00,PeakWD,12113,1446,2126,951,12943,4074,6320,1272,41251
5/23/2017 0:00,PeakWD,13217,1514,2055,900,11611,4057,6750,1254,41360
5/24/2017 0:00,PeakWD,11974,1482,2227,980,12096,3515,6644,1298,40221
5/25/2017 0:00,PeakWD,13822,1735,2444,1162,14629,4262,7957,1508,47522
5/26/2017 0:00,PeakWD,14715,1985,2537,1296,17320,4619,8252,1585,52312
5/30/2017 0:00,PeakWD,14647,1917,2357,1177,15629,4272,7678,1345,49025
5/31/2017 0:00,PeakWD,14577,1894,2209,1166,16369,4082,7309,1330,48938
6/1/2017 0:00,PeakWD,13916,1838,2281,1071,14828,4318,7752,1414,47421
6/2/2017 0:00,PeakWD,14117,1897,2285,940,13722,4266,8356,1447,47032
6/5/2017 0:00,PeakWD,13109,1809,2395,1104,14180,4290,8010,1488,46388
6/6/2017 0:00,PeakWD,14634,1858,2391,1230,16445,4354,8344,1549,50808
6/7/2017 0:00,PeakWD,15307,1982,2444,1190,16376,4444,8805,1584,52136
6/8/2017 0:00,PeakWD,14533,1913,2441,1171,15930,4536,8873,1635,51036
6/9/2017 0:00,PeakWD,13730,1687,2501,1257,13011,4414,8417,1772,46793
6/12/2017 0:00,PeakWD,15931,2076,2540,1331,17499,4535,9085,1716,54716
6/13/2017 0:00,PeakWD,15860,2047,2543,1362,18201,4621,9406,1756,55800
6/14/2017 0:00,PeakWD,16258,2102,2527,1334,18119,4656,9256,1721,55977
6/15/2017 0:00,PeakWD,16406,2112,2553,1351,18747,4680,9700,1789,57341
6/16/2017 0:00,PeakWD,16329,2115,2635,1409,19289,4756,9716,1804,58056
6/19/2017 0:00,PeakWD,16458,1984,2515,1186,16903,4683,8790,1713,54237
6/20/2017 0:00,PeakWD,16394,2078,2639,1333,18210,4787,9719,1791,56954
6/21/2017 0:00,PeakWD,14196,1923,2660,1313,17335,4841,9393,1791,53455
6/22/2017 0:00,PeakWD,14261,1869,2666,1298,16919,5026,9511,1818,53371
6/23/2017 0:00,PeakWD,16398,2240,2525,1455,19904,4982,10430,1871,59808
6/26/2017 0:00,PeakWD,14592,1971,2331,1148,16088,4312,8574,1547,50565
6/27/2017 0:00,PeakWD,13972,2014,2486,1318,17019,4143,8168,1568,50692
6/28/2017 0:00,PeakWD,15072,2061,2553,1364,17348,4315,8843,1653,53213
6/29/2017 0:00,PeakWD,15468,2142,2628,1381,18028,4767,9719,1808,55945
6/30/2017 0:00,PeakWD,16318,2283,2660,1379,19032,4814,9722,1835,58045
7/3/2017 0:00,PeakWD,16286,2146,2471,1294,17996,4810,9700,1734,56442
7/5/2017 0:00,PeakWD,16848,2178,2411,1238,17670,4777,9867,1660,56652
7/6/2017 0:00,PeakWD,16531,2180,2437,1363,18041,4592,9734,1618,56499
7/7/2017 0:00,PeakWD,16198,2209,2492,1417,18172,4181,9578,1698,55948
7/10/2017 0:00,PeakWD,14210,2007,2585,1383,18569,4538,9849,1676,54820
7/11/2017 0:00,PeakWD,15656,2208,2618,1454,19482,4496,9937,1717,57572
7/12/2017 0:00,PeakWD,15758,2224,2635,1457,19446,4085,9346,1669,56624
7/13/2017 0:00,PeakWD,15937,2289,2554,1426,19724,4437,9570,1654,57595
7/14/2017 0:00,PeakWD,16132,2259,2398,1441,19779,4616,9936,1691,58255
7/17/2017 0:00,PeakWD,15381,2260,2613,1433,19815,4450,9627,1709,57292
7/18/2017 0:00,PeakWD,15519,2303,2605,1466,20247,4673,9803,1719,58339
7/19/2017 0:00,PeakWD,16327,2378,2606,1497,20519,4757,10020,1780,59886
7/20/2017 0:00,PeakWD,16904,2394,2644,1508,20767,4875,10360,1826,61281
7/21/2017 0:00,PeakWD,16634,2362,2602,1502,20617,4833,10294,1848,60695
7/24/2017 0:00,PeakWD,16813,2058,2605,1343,18177,4852,9735,1728,57316
7/25/2017 0:00,PeakWD,16783,2282,2694,1468,19839,4782,10028,1814,59694
7/26/2017 0:00,PeakWD,16787,2288,2688,1484,20238,4529,10078,1844,59939
7/27/2017 0:00,PeakWD,16998,2339,2672,1465,20441,4758,10206,1859,60742
7/28/2017 0:00,PeakWD,17291,2396,2661,1483,20693,4827,10193,1889,61437
7/31/2017 0:00,PeakWD,16053,2121,2570,1254,18008,4853,9925,1744,56532
8/1/2017 0:00,PeakWD,16461,2170,2345,1126,17123,4814,9923,1625,55590
8/2/2017 0:00,PeakWD,14303,1828,2431,1131,14444,4886,8887,1545,49459
8/3/2017 0:00,PeakWD,15101,2027,2502,1281,17474,4402,8957,1713,53460
8/4/2017 0:00,PeakWD,15862,2192,2557,1348,18455,4704,9848,1791,56760
8/7/2017 0:00,PeakWD,13960,1855,2486,1147,17533,4703,7612,1568,50867
8/8/2017 0:00,PeakWD,14024,1930,2430,1223,17018,4821,8847,1607,51904
8/9/2017 0:00,PeakWD,16009,1968,2564,1265,17914,4826,9370,1714,55634
8/10/2017 0:00,PeakWD,17044,2252,2630,1382,19667,4303,9910,1784,58974
8/11/2017 0:00,PeakWD,16999,2308,2628,1345,19793,4758,9927,1785,59546
8/14/2017 0:00,PeakWD,17513,2204,2574,1275,17743,4939,10094,1724,58068
8/15/2017 0:00,PeakWD,17653,2298,2450,1312,18844,4976,10063,1623,59223
8/16/2017 0:00,PeakWD,17849,2292,2618,1325,19432,5000,10269,1741,60528
8/17/2017 0:00,PeakWD,17841,2079,2589,1315,17398,4957,10306,1721,58209
8/18/2017 0:00,PeakWD,17802,2300,2593,1292,17297,4998,10287,1726,58297
8/21/2017 0:00,PeakWD,16773,2282,2598,1390,19201,4760,9810,1680,58498
8/22/2017 0:00,PeakWD,16923,2332,2602,1385,20027,4733,10072,1756,59832
8/23/2017 0:00,PeakWD,16564,2213,2582,1210,17419,4804,9610,1552,55959
8/24/2017 0:00,PeakWD,16290,2134,2659,1304,16611,4353,8888,1523,53765
8/25/2017 0:00,PeakWD,12522,1946,2625,1114,16211,3157,8304,1420,47302
8/28/2017 0:00,PeakWD,8751,1583,2629,1197,15329,3337,7183,1358,41370
8/29/2017 0:00,PeakWD,8654,1735,2590,1195,16161,3710,7965,1360,43372
8/30/2017 0:00,PeakWD,10903,1721,2544,1165,15880,4052,8270,1362,45900
8/31/2017 0:00,PeakWD,12828,1949,2539,1197,16057,4307,8358,1397,48636
9/1/2017 0:00,PeakWD,13459,1948,2525,1212,16280,4192,8608,1449,49676
9/5/2017 0:00,PeakWD,14620,2050,2577,1158,16899,3940,9034,1472,51754
9/6/2017 0:00,PeakWD,12755,1661,2504,1054,14164,3926,7462,1325,44854
9/7/2017 0:00,PeakWD,12229,1637,2567,1106,13939,3770,7003,1282,43538
9/8/2017 0:00,PeakWD,12530,1621,2527,1101,13861,3544,7097,1270,43554
9/11/2017 0:00,PeakWD,12690,1665,2608,1114,14440,3796,7315,1321,44953
9/12/2017 0:00,PeakWD,13060,1648,2705,1061,13869,3928,7667,1367,45309
9/13/2017 0:00,PeakWD,13628,1773,2737,1139,14950,4326,8149,1485,48190
9/14/2017 0:00,PeakWD,14562,1965,2795,1268,17255,4424,8915,1560,52746
9/15/2017 0:00,PeakWD,14779,1988,2639,1256,17148,4342,8695,1526,52375
9/18/2017 0:00,PeakWD,14512,2013,2753,1284,17906,4623,9390,1519,54002
9/19/2017 0:00,PeakWD,15415,2142,2783,1306,18769,4619,9301,1572,55912
9/20/2017 0:00,PeakWD,15458,2207,2776,1357,19187,4677,9609,1569,56844
9/21/2017 0:00,PeakWD,13612,2106,2799,1393,18716,4573,9226,1608,54036
9/22/2017 0:00,PeakWD,15167,2036,2715,1300,17356,4385,8715,1571,53247
9/25/2017 0:00,PeakWD,15178,2024,2456,1132,16883,4456,8256,1375,51765
9/26/2017 0:00,PeakWD,15136,2071,2352,1080,16445,4122,7257,1297,49764
9/27/2017 0:00,PeakWD,15318,2035,2315,1016,15699,4017,7453,1188,49043
9/28/2017 0:00,PeakWD,14681,1980,2319,924,13405,3766,7242,1118,45437
9/29/2017 0:00,PeakWD,14954,1877,2303,877,11907,3818,6717,1110,43567
10/2/2017 0:00,PeakWD,14455,2009,2547,1173,16043,4205,8102,1351,49889
10/3/2017 0:00,PeakWD,14056,1857,2500,1129,15782,3983,7775,1368,48452
10/4/2017 0:00,PeakWD,14669,1974,2515,1107,15735,4120,8186,1332,49641
10/5/2017 0:00,PeakWD,14221,1924,2570,1158,15690,4047,8065,1335,49013
10/6/2017 0:00,PeakWD,13922,1882,2599,1173,15545,4047,7888,1389,48449
10/9/2017 0:00,PeakWD,15998,2135,2449,1188,16924,4532,8925,1376,53530
10/10/2017 0:00,PeakWD,12375,1562,2317,881,11244,3367,5983,1038,38771
10/11/2017 0:00,PeakWD,12294,1506,2403,970,11516,2957,6143,1086,38879
10/12/2017 0:00,PeakWD,14451,1761,2538,1036,13573,3737,7372,1159,45631
10/13/2017 0:00,PeakWD,15274,1960,2631,1155,15832,4032,8138,1266,50292
10/16/2017 0:00,PeakWD,11374,1362,2378,953,11185,3177,5882,1071,37385
10/17/2017 0:00,PeakWD,10935,1382,2412,910,11226,3188,5816,1012,36885
10/18/2017 0:00,PeakWD,11932,1422,2444,923,11683,3414,6047,1013,38882
10/19/2017 0:00,PeakWD,12636,1576,2423,965,12386,3642,6645,1040,41317
10/20/2017 0:00,PeakWD,12671,1583,2495,1006,12770,3843,6784,935,42091
10/23/2017 0:00,PeakWD,11035,1454,2461,944,11631,3560,6220,928,38236
10/24/2017 0:00,PeakWD,10636,1412,2369,896,10825,3214,5757,986,36098
10/25/2017 0:00,PeakWD,10415,1424,2396,941,11052,3039,5832,954,36058
10/26/2017 0:00,PeakWD,11210,1454,2459,960,11754,3269,6032,982,38124
10/27/2017 0:00,PeakWD,10282,1380,2379,922,11008,3031,5497,1061,35564
10/30/2017 0:00,PeakWD,10806,1407,2394,902,10976,3022,5754,914,36178
10/31/2017 0:00,PeakWD,11305,1402,2405,954,11148,3195,5632,1074,37119
11/1/2017 0:00,PeakWD,12255,1435,2435,915,11372,3526,6062,1034,39036
11/2/2017 0:00,PeakWD,13883,1726,2473,974,13307,3940,6905,1124,44335
11/3/2017 0:00,PeakWD,13584,1740,2465,915,11190,3902,7403,1151,42355
11/6/2017 0:00,PeakWD,14137,1792,2560,884,12037,3987,7465,1187,44054
11/7/2017 0:00,PeakWD,13782,1531,2444,890,11115,3855,6592,1017,41228
11/8/2017 0:00,PeakWD,10559,1466,2603,979,12779,3075,5955,1302,38722
11/9/2017 0:00,PeakWD,10500,1413,2447,964,11914,2851,5914,1148,37155
11/10/2017 0:00,PeakWD,10385,1436,2489,926,11105,2829,5647,1136,35957
11/13/2017 0:00,PeakWD,11621,1472,2468,919,11217,3240,6309,1100,38349
11/14/2017 0:00,PeakWD,11655,1482,2499,899,11756,3416,6281,1050,39041
11/15/2017 0:00,PeakWD,12064,1481,2474,876,11809,3594,6372,1010,39685
11/16/2017 0:00,PeakWD,12291,1565,2472,922,11622,3620,6818,1061,40372
11/17/2017 0:00,PeakWD,12777,1582,2530,958,12768,3721,6976,1035,42350
11/20/2017 0:00,PeakWD,10435,1508,2524,934,11553,2872,5818,1007,36654
11/21/2017 0:00,PeakWD,10879,1445,2513,943,11262,3142,5760,937,36884
11/22/2017 0:00,PeakWD,10421,1412,2501,1034,11890,2858,5709,1184,37012
11/24/2017 0:00,PeakWD,9641,1257,2434,824,10087,2703,5285,944,33179
11/27/2017 0:00,PeakWD,10872,1509,2497,948,11410,3081,5922,977,37219
11/28/2017 0:00,PeakWD,11230,1478,2495,934,11462,3181,5989,954,37728
11/29/2017 0:00,PeakWD,10955,1456,2518,948,11164,3200,5766,1081,37092
11/30/2017 0:00,PeakWD,10699,1471,2504,950,11310,3183,5865,1041,37026
12/1/2017 0:00,PeakWD,10571,1456,2505,902,10977,3079,5806,1005,36305
12/4/2017 0:00,PeakWD,11850,1571,2445,958,12363,3553,6782,1209,40735
12/5/2017 0:00,PeakWD,10820,1515,2670,1017,12484,3244,5948,1276,38977
12/6/2017 0:00,PeakWD,11792,1748,2716,1041,13058,3446,7433,1513,42750
12/7/2017 0:00,PeakWD,12650,1945,2762,1164,15444,4421,8219,1629,48238
12/8/2017 0:00,PeakWD,12977,1925,2556,1153,14421,4507,7465,1516,46525
12/11/2017 0:00,PeakWD,10867,1475,2459,963,11896,3059,6094,1352,38168
12/12/2017 0:00,PeakWD,10988,1613,2478,1034,12635,2979,6186,1368,39285
12/13/2017 0:00,PeakWD,11428,1606,2470,976,12168,3137,6725,1339,39854
12/14/2017 0:00,PeakWD,10738,1527,2565,1013,12434,2995,6492,1374,39141
12/15/2017 0:00,PeakWD,11172,1589,2487,1089,12937,3648,6570,1428,40924
12/18/2017 0:00,PeakWD,10473,1562,2536,1029,12813,3130,6407,1281,39234
12/19/2017 0:00,PeakWD,11516,1469,2490,942,12010,3144,5967,1237,38777
12/20/2017 0:00,PeakWD,11147,1421,2463,978,11642,3050,5876,1279,37859
12/21/2017 0:00,PeakWD,11309,1452,2447,926,11374,3157,5998,1264,37930
12/22/2017 0:00,PeakWD,11416,1547,2684,1131,14627,3315,6180,1393,42297
12/26/2017 0:00,PeakWD,10780,1855,2639,1183,15170,2915,6736,1487,42768
12/27/2017 0:00,PeakWD,12200,1952,2788,1342,16640,3831,8412,1810,48979
12/28/2017 0:00,PeakWD,12166,1955,2627,1231,15270,4078,7318,1605,46251
12/29/2017 0:00,PeakWD,11080,1786,2528,1117,14330,3720,6953,1495,43014
1/2/2018 0:00,PeakWD,14222,2411,2591,1499,20280,5594,10127,1968,58696
1/3/2018 0:00,PeakWD,13159,2157,2369,1307,16751,4559,8204,1573,50082
1/4/2018 0:00,PeakWD,11906,1966,2582,1201,15191,3756,7352,1441,45398
1/5/2018 0:00,PeakWD,11222,1732,2531,1114,13200,3254,6592,1236,40884
1/8/2018 0:00,PeakWD,10310,1560,2498,1064,12440,2871,5945,1221,37912
1/9/2018 0:00,PeakWD,11046,1756,2416,1083,13323,2944,6055,1349,39977
1/10/2018 0:00,PeakWD,10465,1625,2377,1039,12985,2919,5954,1340,38708
1/11/2018 0:00,PeakWD,10712,1718,2574,1156,15134,3102,5990,1490,41881
1/12/2018 0:00,PeakWD,12618,2127,2541,1278,16480,3286,6702,1429,46465
1/15/2018 0:00,PeakWD,10650,1720,2629,1266,14721,3036,6166,1419,41610
1/16/2018 0:00,PeakWD,14704,2645,2787,1502,20734,5556,10507,1966,60404
1/17/2018 0:00,PeakWD,13892,2454,2602,1458,18798,5465,9674,1915,56261
1/18/2018 0:00,PeakWD,13464,2184,2587,1236,17179,5256,8356,1658,51924
1/19/2018 0:00,PeakWD,11332,1792,2494,1117,14122,3995,7322,1530,43708
1/22/2018 0:00,PeakWD,9841,1521,2586,1074,12684,3018,5862,1343,37931
1/23/2018 0:00,PeakWD,10220,1667,2604,1059,13112,3231,6279,1298,39475
1/24/2018 0:00,PeakWD,10550,1576,2536,1068,12781,3297,6301,1373,39485
1/25/2018 0:00,PeakWD,10853,1615,2600,996,12433,3332,6514,1482,39829
1/26/2018 0:00,PeakWD,10067,1503,2502,949,11855,3001,5845,1312,37037
1/29/2018 0:00,PeakWD,10036,1671,2573,1111,13299,3040,5845,1281,38859
1/30/2018 0:00,PeakWD,10501,1663,2543,1060,13025,3046,6112,1428,39382
1/31/2018 0:00,PeakWD,10042,1465,2519,947,11660,3024,5628,1241,36529
2/1/2018 0:00,PeakWD,10096,1379,2586,961,11766,2966,5598,1228,36583
2/2/2018 0:00,PeakWD,10279,1581,2585,1108,13122,2954,5847,1304,38785
2/5/2018 0:00,PeakWD,9936,1630,2549,1209,15433,2794,6352,1336,41241
2/6/2018 0:00,PeakWD,10129,1670,2672,1261,16293,3020,6613,1341,43002
2/7/2018 0:00,PeakWD,11759,2064,2638,1222,15690,3433,7974,1446,46230
2/8/2018 0:00,PeakWD,10817,1682,2486,1105,13322,3414,6725,1439,40994
2/9/2018 0:00,PeakWD,10070,1483,2516,931,11524,2929,6123,1206,36785
2/12/2018 0:00,PeakWD,12564,2055,2613,1193,15646,3682,7713,1412,46882
2/13/2018 0:00,PeakWD,11575,1933,2589,1089,14562,3519,7415,1295,43980
2/14/2018 0:00,PeakWD,10624,1480,2475,953,11895,2858,6024,1226,37538
2/15/2018 0:00,PeakWD,11105,1394,2416,900,11505,3015,5848,1251,37437
2/16/2018 0:00,PeakWD,11395,1389,2561,1025,11502,3057,5664,1166,37762
2/19/2018 0:00,PeakWD,11520,1466,2461,897,11574,3333,6153,1248,38657
2/20/2018 0:00,PeakWD,11733,1453,2466,1002,11943,3208,6093,1281,39182
2/21/2018 0:00,PeakWD,10783,1705,2816,1320,17612,3218,7005,1695,46158
2/22/2018 0:00,PeakWD,10710,1702,2697,1266,16535,2946,7550,1619,45029
2/23/2018 0:00,PeakWD,11346,1498,2574,1151,13811,2981,6042,1315,40722
2/26/2018 0:00,PeakWD,10494,1443,2523,995,11483,2812,5658,1177,36587
2/27/2018 0:00,PeakWD,11400,1474,2514,954,11618,3318,5950,1149,38382
2/28/2018 0:00,PeakWD,12336,1582,2423,952,11220,3504,6278,1197,39495
3/1/2018 0:00,PeakWD,11258,1394,2527,956,11362,3189,5654,1111,37454
3/2/2018 0:00,PeakWD,10676,1375,2479,968,11024,3073,5594,1180,36372
3/5/2018 0:00,PeakWD,11765,1442,2537,926,10974,3714,6290,1124,38775
3/6/2018 0:00,PeakWD,10392,1391,2534,968,11264,2984,5532,1148,36216
3/7/2018 0:00,PeakWD,10286,1407,2600,998,11769,2942,5564,1145,36713
3/8/2018 0:00,PeakWD,10359,1403,2615,948,11367,2964,5637,1205,36502
3/9/2018 0:00,PeakWD,10417,1338,2592,902,10796,3026,5595,1117,35787
3/12/2018 0:00,PeakWD,10210,1406,2593,982,11239,2923,5538,1152,36047
3/13/2018 0:00,PeakWD,10315,1401,2525,952,11109,2902,5502,1124,35832
3/14/2018 0:00,PeakWD,10414,1410,2499,950,11165,2988,5562,1234,36226
3/15/2018 0:00,PeakWD,10546,1416,2547,897,11190,3099,5587,1290,36575
3/16/2018 0:00,PeakWD,11861,1474,2439,896,11438,3686,6346,1306,39451
3/19/2018 0:00,PeakWD,12175,1458,2543,904,10940,3730,6215,1329,39298
3/20/2018 0:00,PeakWD,10446,1352,2593,932,11020,3263,5609,1142,36361
3/21/2018 0:00,PeakWD,10574,1376,2704,914,11021,3210,5726,1154,36682
3/22/2018 0:00,PeakWD,10802,1418,2776,897,11289,3416,5911,1149,37663
3/23/2018 0:00,PeakWD,11400,1427,2737,914,11218,3602,6048,1240,38589
3/26/2018 0:00,PeakWD,12366,1596,2652,957,12966,3958,7102,1323,42924
3/27/2018 0:00,PeakWD,11983,1585,2558,882,11412,3947,6518,1180,40068
3/28/2018 0:00,PeakWD,11489,1330,2554,867,10966,3594,5875,1159,37838
3/29/2018 0:00,PeakWD,11495,1391,2597,865,11009,3582,6169,1136,38249
3/30/2018 0:00,PeakWD,10734,1335,2589,894,10526,3251,5691,1156,36179
4/2/2018 0:00,PeakWD,12614,1513,2597,1010,11749,3994,6803,1300,41584
4/3/2018 0:00,PeakWD,12894,1495,2630,901,11437,3968,6716,1268,41311
4/4/2018 0:00,PeakWD,10248,1370,2596,968,11077,2999,5482,1145,35889
4/5/2018 0:00,PeakWD,10772,1427,2785,885,11150,3436,6010,1143,37613
4/6/2018 0:00,PeakWD,12062,1536,2639,928,12021,3979,7019,1343,41530
4/9/2018 0:00,PeakWD,10248,1392,2555,889,11066,3306,5616,1262,36336
4/10/2018 0:00,PeakWD,10599,1402,2586,939,11013,3058,5662,1258,36520
4/11/2018 0:00,PeakWD,11026,1435,2759,884,11431,3335,6019,1327,38220
4/12/2018 0:00,PeakWD,12095,1404,2774,1009,12456,3804,6772,1433,41751
4/13/2018 0:00,PeakWD,12372,1504,2548,930,12929,4154,7203,1396,43039
4/16/2018 0:00,PeakWD,10684,1463,2687,961,11375,3481,6148,1266,38068
4/17/2018 0:00,PeakWD,11630,1513,2669,968,12272,3718,6557,1428,40759
4/18/2018 0:00,PeakWD,12095,1458,2630,857,11776,3734,6396,1314,40264
4/19/2018 0:00,PeakWD,11084,1347,2565,905,10908,3438,5773,1295,37316
4/20/2018 0:00,PeakWD,10062,1389,2616,869,10637,3320,5471,1245,35612
4/23/2018 0:00,PeakWD,11078,1384,2720,893,11230,3616,6372,1284,38582
4/24/2018 0:00,PeakWD,12290,1517,2784,925,12470,3883,6919,1416,42209
4/25/2018 0:00,PeakWD,12739,1448,2502,851,10937,3781,6207,1214,39682
4/26/2018 0:00,PeakWD,11344,1419,2566,909,11114,3259,5917,1299,37830
4/27/2018 0:00,PeakWD,11436,1428,2709,893,11671,3475,6013,1195,38824
4/30/2018 0:00,PeakWD,11831,1559,2880,962,12477,3623,6459,1327,41122
5/1/2018 0:00,PeakWD,12226,1608,2825,990,12782,3988,6851,1443,42716
5/2/2018 0:00,PeakWD,13879,1760,2884,1089,14188,4278,7543,1498,47121
5/3/2018 0:00,PeakWD,13498,1693,2724,1033,13058,4380,7864,1463,45715
5/4/2018 0:00,PeakWD,12210,1454,2791,894,11511,3915,6032,1128,39939
5/7/2018 0:00,PeakWD,13963,1762,2951,1112,15369,3898,7690,1432,48179
5/8/2018 0:00,PeakWD,13961,1758,3117,1046,15200,3850,7578,1363,47875
5/9/2018 0:00,PeakWD,13894,1704,3151,1080,14915,3929,7513,1391,47580
5/10/2018 0:00,PeakWD,13845,1731,3162,1043,14834,3996,7691,1416,47722
5/11/2018 0:00,PeakWD,14364,1849,3156,1114,15241,4089,7924,1462,49201
5/14/2018 0:00,PeakWD,15151,1945,3009,1159,16631,4398,8504,1431,52233
5/15/2018 0:00,PeakWD,15163,1904,3095,1057,15568,4473,8610,1429,51302
5/16/2018 0:00,PeakWD,15340,1982,3057,1092,16424,4506,8925,1454,52783
5/17/2018 0:00,PeakWD,15984,2039,2984,1156,17176,4556,9134,1582,54615
5/18/2018 0:00,PeakWD,15650,2045,3141,1225,17598,4522,8848,1529,54561
5/21/2018 0:00,PeakWD,13192,1753,2913,1084,15701,4039,7706,1355,47747
5/22/2018 0:00,PeakWD,14104,1822,2937,1178,16678,4282,8363,1423,50790
5/23/2018 0:00,PeakWD,13245,1907,2871,1234,17444,4412,8515,1500,51132
5/24/2018 0:00,PeakWD,14511,1929,3004,1233,17408,4533,8947,1579,53146
5/25/2018 0:00,PeakWD,14809,1927,3125,1140,16544,4629,9260,1675,53113
5/29/2018 0:00,PeakWD,16537,2215,3255,1361,19183,4739,9816,1708,58818
5/30/2018 0:00,PeakWD,16159,2191,3279,1357,19362,4674,9715,1767,58506
5/31/2018 0:00,PeakWD,16446,2184,3359,1385,19336,4735,9845,1695,58989
6/1/2018 0:00,PeakWD,16553,2244,3300,1432,19639,4802,9809,1762,59545
6/4/2018 0:00,PeakWD,16069,1807,2874,1148,15009,4750,8843,1596,52098
6/5/2018 0:00,PeakWD,16549,1960,3196,1326,18726,4853,10132,1754,58498
6/6/2018 0:00,PeakWD,16310,2135,3207,1383,19785,4916,10210,1812,59761
6/7/2018 0:00,PeakWD,16456,2163,3205,1133,18032,4774,9987,1825,57579
6/8/2018 0:00,PeakWD,16092,2120,3088,1218,18269,4691,9725,1667,56875
6/11/2018 0:00,PeakWD,16506,2211,3334,1340,19280,4813,9876,1736,59100
6/12/2018 0:00,PeakWD,16770,2304,3285,1276,19298,4788,9955,1747,59426
6/13/2018 0:00,PeakWD,16809,2292,3142,1339,19721,4668,9857,1725,59556
6/14/2018 0:00,PeakWD,15270,2290,3192,1426,19786,4482,9721,1764,57936
6/15/2018 0:00,PeakWD,15849,2271,3240,1435,19522,4583,9395,1728,58026
6/18/2018 0:00,PeakWD,13669,2028,3088,1364,18109,4091,8973,1699,53025
6/19/2018 0:00,PeakWD,13345,1909,3162,1262,16248,3833,7508,1619,48890
6/20/2018 0:00,PeakWD,13745,1783,3155,1261,17398,3657,7896,1642,50541
6/21/2018 0:00,PeakWD,14207,2112,3241,1378,19775,3644,9139,1752,55251
6/22/2018 0:00,PeakWD,16204,2301,3186,1390,20742,4411,9808,1899,59944
6/25/2018 0:00,PeakWD,15887,2199,3330,1311,19266,4594,9557,1647,57795
6/26/2018 0:00,PeakWD,16483,2291,3270,1430,20229,4678,9950,1828,60162
6/27/2018 0:00,PeakWD,16594,2309,3333,1527,20992,4731,10074,1816,61380
6/28/2018 0:00,PeakWD,16364,2354,3291,1487,20867,4748,9992,1816,60921
6/29/2018 0:00,PeakWD,16390,2316,3103,1464,20514,4846,9949,1837,60422
7/2/2018 0:00,PeakWD,16705,2353,3165,1409,20953,4714,10170,1760,61233
7/3/2018 0:00,PeakWD,16419,2288,3153,1478,21078,4696,10233,1835,61183
7/5/2018 0:00,PeakWD,15086,2146,3071,1353,19323,4382,8757,1524,55646
7/6/2018 0:00,PeakWD,15326,2016,2984,1316,18327,3952,9278,1657,54861
7/9/2018 0:00,PeakWD,13866,1874,2973,1326,17777,4376,7359,1441,50995
7/10/2018 0:00,PeakWD,16083,2100,2951,1299,17209,4396,9057,1588,54687
7/11/2018 0:00,PeakWD,16603,2078,3074,1382,18999,4581,9495,1740,57956
7/12/2018 0:00,PeakWD,16323,2047,3140,1287,17991,4615,9641,1792,56840
7/13/2018 0:00,PeakWD,16286,2231,3187,1325,18989,4634,9671,1689,58017
7/16/2018 0:00,PeakWD,17002,2351,3209,1475,21278,4754,9964,1760,61797
7/17/2018 0:00,PeakWD,16817,2329,3239,1493,21433,4807,10057,1818,61996
7/18/2018 0:00,PeakWD,17031,2389,3255,1510,21947,4878,10398,1893,63304
7/19/2018 0:00,PeakWD,17137,2470,3309,1588,22947,4898,10420,1947,64719
7/20/2018 0:00,PeakWD,17240,2434,3307,1606,22216,4827,10369,1973,63976
7/23/2018 0:00,PeakWD,17515,2531,3294,1385,21724,5015,11109,1974,64551
7/24/2018 0:00,PeakWD,16633,2363,3240,1410,20437,4967,10892,1809,61754
7/25/2018 0:00,PeakWD,16743,2353,3236,1495,20737,4882,10330,1856,61635
7/26/2018 0:00,PeakWD,17004,2371,3234,1404,20929,4737,9927,1770,61381
7/27/2018 0:00,PeakWD,16956,2321,3182,1396,18943,4757,10005,1739,59302
7/30/2018 0:00,PeakWD,17103,2299,3235,1206,17072,5051,10690,1730,58390
7/31/2018 0:00,PeakWD,14226,2126,3053,1212,17727,4841,9419,1569,54176
8/1/2018 0:00,PeakWD,15883,2070,3162,1286,17946,4819,9590,1702,56463
8/2/2018 0:00,PeakWD,16192,2121,3244,1294,18627,4697,9473,1666,57318
8/3/2018 0:00,PeakWD,16187,2186,3225,1367,18994,4610,9706,1814,58092
8/6/2018 0:00,PeakWD,15987,2318,3262,1484,20603,4464,9775,1808,59704
8/7/2018 0:00,PeakWD,15708,2332,3381,1474,20870,4701,9873,1730,60073
8/8/2018 0:00,PeakWD,15413,2352,3343,1263,19288,4649,10176,1832,58318
8/9/2018 0:00,PeakWD,15935,2219,3150,1258,18469,4907,10197,1658,57795
8/10/2018 0:00,PeakWD,15905,2010,3062,1250,15224,4837,9509,1453,53254
8/13/2018 0:00,PeakWD,16683,2144,3186,1063,15391,4712,9444,1406,54031
8/14/2018 0:00,PeakWD,16753,2195,3335,1145,16475,4751,9731,1521,55908
8/15/2018 0:00,PeakWD,16699,2318,3347,1372,19574,4874,10038,1624,59849
8/16/2018 0:00,PeakWD,16835,2380,3316,1392,20135,4935,10333,1693,61023
8/17/2018 0:00,PeakWD,16999,2394,3363,1416,19956,4871,10256,1751,61009
8/20/2018 0:00,PeakWD,16956,2415,3160,1266,18687,4963,10414,1704,59567
8/21/2018 0:00,PeakWD,17492,2299,3272,1272,18224,4966,10667,1820,60015
8/22/2018 0:00,PeakWD,17552,2309,3315,1295,18471,5021,10551,1805,60323
8/23/2018 0:00,PeakWD,17013,2378,3344,1397,19950,4961,10480,1847,61373
8/24/2018 0:00,PeakWD,16637,2368,3427,1414,20161,4950,10320,1769,61050
8/27/2018 0:00,PeakWD,16317,2407,3260,1460,20263,4987,10368,1859,60923
8/28/2018 0:00,PeakWD,16141,2361,3373,1434,20575,4983,10385,1825,61080
8/29/2018 0:00,PeakWD,13906,2210,3416,1457,20680,4925,10172,1778,58546
8/30/2018 0:00,PeakWD,15639,2244,3358,1451,19765,4843,10115,1844,59263
8/31/2018 0:00,PeakWD,16321,2315,3342,1445,19853,4642,9882,1830,59633
9/4/2018 0:00,PeakWD,14569,2001,3147,1119,17340,4547,8520,1418,52665
9/5/2018 0:00,PeakWD,14988,2185,3169,1165,17014,4476,9056,1443,53500
9/6/2018 0:00,PeakWD,14980,2224,2981,1167,16755,3933,8696,1401,52141
9/7/2018 0:00,PeakWD,15154,2159,2925,1089,16970,4360,8599,1392,52650
9/10/2018 0:00,PeakWD,12777,1716,3067,1049,13433,3649,6711,1285,43692
9/11/2018 0:00,PeakWD,12797,1695,3071,1094,13773,3748,7391,1370,44944
9/12/2018 0:00,PeakWD,13975,1862,3079,1135,15367,4075,8143,1486,49124
9/13/2018 0:00,PeakWD,13695,1971,3102,1210,16533,4146,8172,1497,50329
9/14/2018 0:00,PeakWD,12591,1893,3149,1217,15541,3728,7631,1437,47189
9/17/2018 0:00,PeakWD,16063,2169,3072,1292,18619,4263,8537,1477,55494
9/18/2018 0:00,PeakWD,16437,2250,3113,1310,18932,4316,8942,1581,56884
9/19/2018 0:00,PeakWD,16181,2227,3106,1376,19183,4185,8976,1674,56911
9/20/2018 0:00,PeakWD,15021,2023,3061,1289,17188,4325,8055,1576,52540
9/21/2018 0:00,PeakWD,14616,1964,2885,1055,15651,4487,8373,1556,50592
9/24/2018 0:00,PeakWD,14607,1818,3025,1062,14194,4289,7922,1536,48457
9/25/2018 0:00,PeakWD,14404,1984,3111,1192,16507,4507,8899,1609,52217
9/26/2018 0:00,PeakWD,13552,1836,2772,854,12317,4493,8216,1451,45494
9/27/2018 0:00,PeakWD,12306,1588,2806,957,12987,3547,6746,1390,42331
9/28/2018 0:00,PeakWD,12826,1780,3025,954,12930,3778,7230,1477,44003
10/1/2018 0:00,PeakWD,13348,1853,3090,1102,15710,3965,7762,1488,48321
10/2/2018 0:00,PeakWD,14389,1976,3077,1134,15922,4211,8184,1585,50482
10/3/2018 0:00,PeakWD,15026,2040,3194,1214,17044,4292,8659,1660,53134
10/4/2018 0:00,PeakWD,15167,2060,3271,1173,17083,4301,8691,1538,53289
10/5/2018 0:00,PeakWD,15234,2065,3107,1184,16975,4283,8714,1694,53259
10/8/2018 0:00,PeakWD,14822,1943,2884,964,14725,4240,7520,1396,48495
10/9/2018 0:00,PeakWD,14772,1769,2720,885,12335,4386,7138,1334,45342
10/10/2018 0:00,PeakWD,13754,1591,2818,877,11926,4134,6878,1279,43261
10/11/2018 0:00,PeakWD,12138,1509,2920,811,11431,3773,6208,1139,39933
10/12/2018 0:00,PeakWD,13051,1570,3000,805,11360,4047,7178,1252,42267
10/15/2018 0:00,PeakWD,10695,1474,3072,949,13061,3078,6100,1381,39814
10/16/2018 0:00,PeakWD,10019,1516,3113,901,12943,2938,6443,1337,39213
10/17/2018 0:00,PeakWD,10037,1509,3032,847,12136,2794,5973,1349,37680
10/18/2018 0:00,PeakWD,10320,1400,3011,860,11089,2814,5883,1285,36665
10/19/2018 0:00,PeakWD,11570,1419,2895,867,10943,2775,5655,1201,37330
10/22/2018 0:00,PeakWD,10117,1410,2899,837,10967,2690,5589,1177,35689
10/23/2018 0:00,PeakWD,10022,1385,2859,835,11027,2741,5670,1261,35803
10/24/2018 0:00,PeakWD,10265,1443,2886,908,11501,2697,5717,1356,36776
10/25/2018 0:00,PeakWD,10218,1413,2823,914,11102,2695,5615,1242,36026
10/26/2018 0:00,PeakWD,10354,1385,2883,891,10854,2916,5819,1231,36336
10/29/2018 0:00,PeakWD,12126,1551,2965,993,12873,3477,6617,1326,41933
10/30/2018 0:00,PeakWD,12446,1615,3000,924,12926,3655,6790,1253,42613
10/31/2018 0:00,PeakWD,11416,1547,2934,854,11277,3681,6456,1278,39446
11/1/2018 0:00,PeakWD,10044,1446,2956,913,11074,2964,5517,1181,36098
11/2/2018 0:00,PeakWD,9843,1448,2871,925,10924,2881,5569,1261,35725
11/5/2018 0:00,PeakWD,12448,1508,2881,961,11516,3677,6203,1269,40467
11/6/2018 0:00,PeakWD,13604,1630,2932,930,11635,3860,6466,1272,42333
11/7/2018 0:00,PeakWD,13715,1565,2918,880,11358,3947,7028,1321,42735
11/8/2018 0:00,PeakWD,10883,1453,2936,933,11574,3841,5770,1284,38678
11/9/2018 0:00,PeakWD,9905,1550,3069,974,12052,2956,5986,1258,37753
11/12/2018 0:00,PeakWD,10799,1835,3177,1159,15809,3204,7384,1651,45021
11/13/2018 0:00,PeakWD,12803,2131,3008,1192,16646,4019,8088,1570,49461
11/14/2018 0:00,PeakWD,11840,1942,2942,1161,15076,3575,7258,1388,45187
11/15/2018 0:00,PeakWD,10819,1696,3010,998,12524,3189,6497,1268,40006
11/16/2018 0:00,PeakWD,10115,1492,2990,953,11493,2915,5981,1242,37184
11/19/2018 0:00,PeakWD,11057,1729,3007,1074,13095,3287,6843,1369,41465
11/20/2018 0:00,PeakWD,10398,1620,3053,1044,12662,3154,6149,1305,39388
11/21/2018 0:00,PeakWD,10386,1528,3061,1011,12197,3222,6684,1381,39474
11/23/2018 0:00,PeakWD,9541,1291,2880,870,10218,2751,5346,1291,34192
11/26/2018 0:00,PeakWD,10869,1796,3084,1084,14058,3027,6423,1369,41712
11/27/2018 0:00,PeakWD,10698,1681,2870,987,12664,3033,6402,1408,39747
11/28/2018 0:00,PeakWD,10348,1448,2870,914,11871,2910,5881,1319,37566
11/29/2018 0:00,PeakWD,10578,1429,2905,915,11415,2915,5865,1219,37244
11/30/2018 0:00,PeakWD,11290,1486,2908,876,11404,3088,6007,1308,38370
12/3/2018 0:00,PeakWD,10233,1499,2984,1027,12763,2885,6058,1291,38744
12/4/2018 0:00,PeakWD,10550,1629,3023,1119,14004,2920,6376,1346,40970
12/5/2018 0:00,PeakWD,10827,1604,3016,1095,13519,2988,6694,1567,41314
12/6/2018 0:00,PeakWD,10713,1556,3016,1065,13075,3014,6297,1421,40158
12/7/2018 0:00,PeakWD,10719,1653,3283,1134,14323,3075,6833,1523,42547
12/10/2018 0:00,PeakWD,11515,1710,3078,1108,13680,3283,6815,1422,42614
12/11/2018 0:00,PeakWD,11118,1667,3137,1016,13464,3165,6764,1547,41881
12/12/2018 0:00,PeakWD,10506,1522,3063,990,12440,2998,6077,1373,38973
12/13/2018 0:00,PeakWD,10570,1460,3299,1000,12490,3061,6121,1661,39665
12/14/2018 0:00,PeakWD,11857,1741,3189,1087,14931,3220,7190,1562,44781
12/17/2018 0:00,PeakWD,10357,1547,3181,1063,13380,2976,6093,1365,39966
12/18/2018 0:00,PeakWD,10464,1592,3183,981,12676,2974,6160,1320,39355
12/19/2018 0:00,PeakWD,10514,1511,3022,1005,12280,2925,5905,1328,38494
12/20/2018 0:00,PeakWD,10655,1529,3163,1026,12930,2992,6169,1380,39846
12/21/2018 0:00,PeakWD,10755,1560,3050,966,12389,3020,6147,1427,39317
12/24/2018 0:00,PeakWD,9844,1344,3024,927,11530,2920,5936,1308,36837
12/26/2018 0:00,PeakWD,10480,1321,2989,859,11296,3139,5739,1285,37112
12/27/2018 0:00,PeakWD,10132,1376,3017,958,11729,2951,5583,1386,37135
12/28/2018 0:00,PeakWD,10284,1596,3355,1096,13863,2863,6347,1475,40883
12/31/2018 0:00,PeakWD,10464,1500,2984,1019,12209,3224,6483,1589,39476
1/2/2019 0:00,PeakWD,11224,1911,3417,1308,17934,4066,8682,1880,50426
1/3/2019 0:00,PeakWD,11715,1890,3230,1205,16398,3712,7426,1550,47130
1/4/2019 0:00,PeakWD,10842,1698,3094,1064,13175,3157,6468,1374,40876
1/7/2019 0:00,PeakWD,10246,1403,2899,927,11221,3004,5822,1328,36853
1/8/2019 0:00,PeakWD,10366,1402,2997,907,11717,3061,5701,1305,37459
1/9/2019 0:00,PeakWD,10081,1475,3098,1025,12636,2880,6018,1366,38583
1/10/2019 0:00,PeakWD,10259,1628,3088,1050,13617,2878,6107,1343,39973
1/11/2019 0:00,PeakWD,10046,1554,3028,1018,13348,2945,6124,1400,39467
1/14/2019 0:00,PeakWD,11220,1855,3237,1140,14855,3510,7398,1554,44772
1/15/2019 0:00,PeakWD,10965,1767,3093,1041,14227,3659,6962,1467,43183
1/16/2019 0:00,PeakWD,10469,1571,2957,1019,12680,3091,6367,1373,39531
1/17/2019 0:00,PeakWD,10107,1435,3007,985,12084,2910,5727,1232,37492
1/18/2019 0:00,PeakWD,10239,1479,3024,966,12007,2924,5870,1254,37766
1/21/2019 0:00,PeakWD,10603,1711,3086,1057,13815,3109,6338,1397,41119
1/22/2019 0:00,PeakWD,10106,1523,3150,1084,13067,2980,5905,1313,39132
1/23/2019 0:00,PeakWD,12376,2021,3099,1158,15706,3375,7182,1442,46363
1/24/2019 0:00,PeakWD,11258,1769,3149,1094,13541,3111,6553,1383,41860
1/25/2019 0:00,PeakWD,10817,1616,3159,1095,13789,2920,6382,1324,41105
1/28/2019 0:00,PeakWD,10164,1537,3167,1087,13038,2901,5901,1405,39203
1/29/2019 0:00,PeakWD,11522,1867,3263,1096,14473,3351,7195,1447,44219
1/30/2019 0:00,PeakWD,11454,1893,3175,1084,14524,3534,6973,1420,44061
1/31/2019 0:00,PeakWD,10878,1645,3102,989,13259,3064,6476,1295,40711
2/1/2019 0:00,PeakWD,10272,1443,3029,915,11573,2845,5742,1220,37042
2/4/2019 0:00,PeakWD,10711,1445,3012,897,11614,3110,5922,1209,37924
2/5/2019 0:00,PeakWD,10842,1493,2933,874,11612,3177,6040,1283,38259
2/6/2019 0:00,PeakWD,11350,1423,2999,906,11907,3225,6117,1285,39215
2/7/2019 0:00,PeakWD,10631,1599,3111,1126,14374,3157,6027,1265,41294
2/8/2019 0:00,PeakWD,12878,2198,3277,1240,17578,3922,8874,1767,51737
2/11/2019 0:00,PeakWD,10428,1526,3123,1005,13089,2996,6325,1550,40044
2/12/2019 0:00,PeakWD,10201,1558,3092,1029,12835,2876,6037,1340,38970
2/13/2019 0:00,PeakWD,10576,1585,3109,995,13024,2969,6283,1464,40008
2/14/2019 0:00,PeakWD,10475,1423,3058,854,11256,2885,5720,1193,36868
2/15/2019 0:00,PeakWD,10880,1387,3061,922,11341,3159,5908,1206,37868
2/18/2019 0:00,PeakWD,10818,1702,3289,1168,15592,3013,6325,1517,43427
2/19/2019 0:00,PeakWD,11644,1928,3336,1147,16374,3268,7725,1607,47031
2/20/2019 0:00,PeakWD,10859,1621,3140,1019,12905,3033,6116,1395,40091
2/21/2019 0:00,PeakWD,11212,1752,3082,1069,13879,2921,6384,1477,41779
2/22/2019 0:00,PeakWD,10632,1614,3163,1005,13385,2910,6020,1245,39976
2/25/2019 0:00,PeakWD,10533,1561,3125,1010,12326,2939,5887,1372,38756
2/26/2019 0:00,PeakWD,10501,1538,3103,938,11588,3150,5727,1164,37712
2/27/2019 0:00,PeakWD,10364,1453,3107,1082,12868,3303,5948,1266,39395
2/28/2019 0:00,PeakWD,10700,1967,3191,1240,16764,3209,7030,1398,45503
3/1/2019 0:00,PeakWD,10221,1749,3080,1114,14781,3050,6400,1274,41673
3/4/2019 0:00,PeakWD,13359,2264,3366,1360,19407,4705,9510,1741,55715
3/5/2019 0:00,PeakWD,12713,2001,3189,1190,16223,4069,8231,1552,49172
3/6/2019 0:00,PeakWD,11158,1696,3157,1120,14268,3430,6848,1572,43253
3/7/2019 0:00,PeakWD,10437,1538,3081,942,11753,2997,5828,1337,37916
3/8/2019 0:00,PeakWD,11200,1444,3084,899,11335,3222,6031,1170,38388
3/11/2019 0:00,PeakWD,11703,1406,3190,945,11568,3392,5713,1268,39187
3/12/2019 0:00,PeakWD,10985,1423,3089,899,11538,3490,6038,1213,38680
3/13/2019 0:00,PeakWD,11166,1392,2810,837,10979,3708,6152,1123,38171
3/14/2019 0:00,PeakWD,10811,1363,2809,957,10894,3077,5643,1218,36777
3/15/2019 0:00,PeakWD,10301,1430,3116,929,11758,2833,5729,1181,37281
3/18/2019 0:00,PeakWD,10410,1413,3066,917,11323,3070,5650,1158,37010
3/19/2019 0:00,PeakWD,10189,1395,2940,892,11108,3190,5581,1168,36467
3/20/2019 0:00,PeakWD,10407,1361,3064,886,11069,3023,5629,1082,36524
3/21/2019 0:00,PeakWD,10363,1373,3064,879,11156,3145,5682,1110,36776
3/22/2019 0:00,PeakWD,10394,1398,3061,838,11038,3082,5707,1283,36806
3/25/2019 0:00,PeakWD,11886,1453,3032,916,11251,3301,6539,1232,39613
3/26/2019 0:00,PeakWD,10875,1410,3076,978,11030,3023,5859,1227,37482
3/27/2019 0:00,PeakWD,10472,1389,3191,973,11218,3064,5837,1326,37475
3/28/2019 0:00,PeakWD,10568,1393,3241,827,11359,3182,5943,1288,37806
3/29/2019 0:00,PeakWD,10954,1409,3257,849,11132,3156,5951,1262,37973
4/1/2019 0:00,PeakWD,10925,1617,2999,928,11688,3191,5989,1310,38650
4/2/2019 0:00,PeakWD,10348,1475,3141,872,11367,2821,5752,1312,37091
4/3/2019 0:00,PeakWD,10264,1344,3216,830,11233,2901,5743,1310,36844
4/4/2019 0:00,PeakWD,11692,1509,3109,896,11988,3332,6699,1285,40513
4/5/2019 0:00,PeakWD,11800,1425,3097,890,11727,3233,6429,1351,39957
4/8/2019 0:00,PeakWD,11417,1506,3197,933,12406,3489,6548,1273,40772
4/9/2019 0:00,PeakWD,12817,1606,3244,974,13066,3677,7123,1395,43906
4/10/2019 0:00,PeakWD,12935,1649,3318,1001,13816,3709,7330,1465,45228
4/11/2019 0:00,PeakWD,11961,1500,3130,851,11092,3516,6325,1169,39547
4/12/2019 0:00,PeakWD,11026,1375,3167,829,10812,3256,6046,1214,37728
4/15/2019 0:00,PeakWD,11112,1486,3264,898,11551,3256,6049,1260,38880
4/16/2019 0:00,PeakWD,11859,1527,3144,864,11798,3500,6438,1277,40411
4/17/2019 0:00,PeakWD,11828,1523,3118,917,12759,3680,7045,1384,42257
4/18/2019 0:00,PeakWD,10926,1398,3147,867,11101,3282,5911,1297,37933
4/19/2019 0:00,PeakWD,9853,1312,3172,812,10429,3081,5604,1154,35420
4/22/2019 0:00,PeakWD,12050,1549,3196,910,12566,3544,6525,1301,41644
4/23/2019 0:00,PeakWD,11504,1516,3059,846,12246,3462,6370,1234,40240
4/24/2019 0:00,PeakWD,11837,1469,3065,824,11298,3626,5690,1164,38977
4/25/2019 0:00,PeakWD,12610,1524,3190,941,12322,3724,6504,1311,42128
4/26/2019 0:00,PeakWD,12954,1465,3137,910,12010,3789,6567,1393,42228
4/29/2019 0:00,PeakWD,13742,1732,3376,952,13431,3644,7023,1398,45300
4/30/2019 0:00,PeakWD,13708,1772,3524,898,13440,3944,7203,1251,45744
5/1/2019 0:00,PeakWD,13532,1736,3533,906,13843,4065,7129,1342,46090
5/2/2019 0:00,PeakWD,13353,1563,3300,876,11934,3934,6563,1232,42759
5/3/2019 0:00,PeakWD,11918,1455,3234,861,12178,3640,6394,1229,40913
5/6/2019 0:00,PeakWD,13361,1711,3416,1035,14065,3558,6513,1389,45053
5/7/2019 0:00,PeakWD,12321,1654,3312,992,14439,4024,7389,1412,45548
5/8/2019 0:00,PeakWD,13309,1408,3327,914,11644,4254,6806,1340,43005
5/9/2019 0:00,PeakWD,14392,1598,3257,830,11739,4077,7310,1282,44489
5/10/2019 0:00,PeakWD,11488,1291,3303,823,10699,3127,5484,1186,37404
5/13/2019 0:00,PeakWD,12731,1587,3070,953,13139,3424,6709,1297,42915
5/14/2019 0:00,PeakWD,13372,1669,3293,986,13836,3624,7118,1273,45175
5/15/2019 0:00,PeakWD,13589,1694,3370,1023,14772,3910,7459,1405,47227
5/16/2019 0:00,PeakWD,13671,1715,3469,1022,15143,4070,7760,1435,48290
5/17/2019 0:00,PeakWD,14153,1791,3501,1009,15051,4108,8019,1560,49195
5/20/2019 0:00,PeakWD,15710,1938,3538,993,15775,4624,8637,1504,52724
5/21/2019 0:00,PeakWD,15453,1656,3166,935,13511,4610,7691,1416,48442
5/22/2019 0:00,PeakWD,15937,1980,3486,1051,16162,4714,8829,1508,53671
5/23/2019 0:00,PeakWD,15407,1971,3677,1121,17084,4785,8967,1570,54586
5/24/2019 0:00,PeakWD,15557,1947,3649,1082,16696,4623,8525,1442,53525
5/28/2019 0:00,PeakWD,16335,1994,3476,1118,15690,4661,8283,1616,53177
5/29/2019 0:00,PeakWD,15443,1934,3320,999,14449,4618,8950,1467,51184
5/30/2019 0:00,PeakWD,15442,1845,3295,1070,15044,4652,8189,1351,50893
5/31/2019 0:00,PeakWD,15322,1805,3398,1129,14385,4576,8582,1370,50571
6/3/2019 0:00,PeakWD,16828,2128,3436,1151,17469,4656,9280,1471,56422
6/4/2019 0:00,PeakWD,15769,2017,3381,1108,16008,4426,7825,1460,51996
6/5/2019 0:00,PeakWD,13377,1619,3418,1164,15064,4669,8646,1604,49565
6/6/2019 0:00,PeakWD,15946,1898,3439,1146,16085,4921,8281,1527,53246
6/7/2019 0:00,PeakWD,16355,1923,3542,1165,15359,5030,9153,1621,54151
6/10/2019 0:00,PeakWD,16522,1914,3206,1024,13872,4458,8091,1360,50450
6/11/2019 0:00,PeakWD,14887,1770,3364,1068,13061,4184,6897,1416,46649
6/12/2019 0:00,PeakWD,15564,1849,3409,1098,14580,4244,8096,1582,50426
6/13/2019 0:00,PeakWD,16158,1896,3453,1162,15363,4525,8522,1642,52725
6/14/2019 0:00,PeakWD,16014,1933,3632,1144,16715,4530,8788,1743,54502
6/17/2019 0:00,PeakWD,14684,1815,3610,1124,15453,4622,8081,1559,50953
6/18/2019 0:00,PeakWD,16786,2057,3602,1202,17345,4902,9346,1549,56792
6/19/2019 0:00,PeakWD,17414,2089,3736,1195,18610,5069,10189,1682,59988
6/20/2019 0:00,PeakWD,16998,2154,3737,1269,19730,4977,10057,1820,60744
6/21/2019 0:00,PeakWD,17298,2204,3795,1355,19822,4871,9855,1860,61064
6/24/2019 0:00,PeakWD,14351,1736,3720,1130,15373,4588,7145,1586,49633
6/25/2019 0:00,PeakWD,13128,1922,3685,1268,17596,4140,8453,1597,51794
6/26/2019 0:00,PeakWD,14954,1831,3660,1289,17575,4453,8425,1583,53772
6/27/2019 0:00,PeakWD,15185,1929,3653,1301,17874,4557,8678,1640,54820
6/28/2019 0:00,PeakWD,15406,2091,3725,1328,18610,4498,9032,1665,56359
7/1/2019 0:00,PeakWD,16349,1962,3738,1248,17534,4627,8945,1656,56064
7/2/2019 0:00,PeakWD,15209,2068,3707,1293,18270,4622,9119,1638,55929
7/3/2019 0:00,PeakWD,14873,1884,3725,1302,17597,4591,8423,1682,54081
7/5/2019 0:00,PeakWD,16439,2150,3690,1302,18245,4882,9404,1730,57846
7/8/2019 0:00,PeakWD,17235,2290,3712,1197,18316,5024,9753,1619,59149
7/9/2019 0:00,PeakWD,17399,2290,3858,1339,19967,5034,9609,1700,61198
7/10/2019 0:00,PeakWD,17251,2286,3754,1389,19781,5023,10186,1812,61486
7/11/2019 0:00,PeakWD,17208,2180,3673,1336,19142,4984,9597,1716,59839
7/12/2019 0:00,PeakWD,17416,2139,3751,1258,18148,4864,9734,1729,59044
7/15/2019 0:00,PeakWD,16767,2160,3873,1323,18919,5015,10119,1802,59981
7/16/2019 0:00,PeakWD,17272,2279,3947,1438,20709,4976,10160,1798,62580
7/17/2019 0:00,PeakWD,17266,2296,3895,1442,20286,5034,10073,1822,62117
7/18/2019 0:00,PeakWD,17330,2284,3890,1424,20206,4884,10256,1918,62195
7/19/2019 0:00,PeakWD,17280,2241,3943,1398,20081,4956,10064,1903,61869
7/22/2019 0:00,PeakWD,15830,2251,3596,1291,19181,4788,10070,1896,58906
7/23/2019 0:00,PeakWD,14736,2044,3655,1195,17132,4508,9189,1576,54038
7/24/2019 0:00,PeakWD,14542,1868,3641,1233,16856,4352,8532,1566,52594
7/25/2019 0:00,PeakWD,15050,1925,3658,1210,16518,4274,8422,1586,52646
7/26/2019 0:00,PeakWD,16031,2003,3662,1199,16564,4421,8659,1649,54191
7/29/2019 0:00,PeakWD,16448,2240,3882,1246,18842,5006,10207,1808,59683
7/30/2019 0:00,PeakWD,16207,2193,3850,1421,20897,4988,10430,1821,61811
7/31/2019 0:00,PeakWD,16395,2252,3849,1404,20557,4950,10489,1897,61797
8/1/2019 0:00,PeakWD,16808,2259,3854,1392,19628,4928,10335,1916,61124
8/2/2019 0:00,PeakWD,16951,2204,3906,1360,19839,4956,10297,1923,61439
8/5/2019 0:00,PeakWD,16834,2255,3945,1409,20167,5131,10552,1872,62167
8/6/2019 0:00,PeakWD,16980,2324,4047,1438,20903,5098,10741,1914,63448
8/7/2019 0:00,PeakWD,17540,2399,4026,1503,21618,5200,10664,2001,64955
8/8/2019 0:00,PeakWD,17879,2358,4036,1434,20457,5340,10817,1944,64269
8/9/2019 0:00,PeakWD,17789,2386,4057,1423,21170,5189,10771,1880,64668
8/12/2019 0:00,PeakWD,18283,2435,4068,1510,21905,5314,11106,1919,66543
8/13/2019 0:00,PeakWD,18126,2411,3925,1378,21996,5306,11110,1947,66202
8/14/2019 0:00,PeakWD,17811,2277,3777,1368,19280,5236,10911,1885,62546
8/15/2019 0:00,PeakWD,17322,2304,3728,1440,20539,5272,10548,1868,63023
8/16/2019 0:00,PeakWD,17306,2346,3804,1482,21288,5265,10938,1971,64404
8/19/2019 0:00,PeakWD,17633,2461,4024,1522,21730,5304,10934,1886,65499
8/20/2019 0:00,PeakWD,16182,2416,3973,1496,21798,5167,10664,1836,63536
8/21/2019 0:00,PeakWD,16761,2386,3946,1484,21292,5082,10355,1855,63166
8/22/2019 0:00,PeakWD,16798,2374,3812,1378,20799,5138,10420,1834,62557
8/23/2019 0:00,PeakWD,15167,2282,3703,1230,19323,5161,10278,1749,58896
8/26/2019 0:00,PeakWD,17569,2466,4079,1515,22181,5299,10977,1935,66025
8/27/2019 0:00,PeakWD,16899,2170,3928,1105,15426,5317,9927,1740,56516
8/28/2019 0:00,PeakWD,15958,2140,3689,1280,18731,5026,10321,1689,58838
8/29/2019 0:00,PeakWD,16497,2323,3897,1377,20235,5033,10601,1893,61859
8/30/2019 0:00,PeakWD,16413,2195,3837,1094,16595,4926,10155,1896,57114
9/3/2019 0:00,PeakWD,16757,2285,3904,1322,19506,4250,10050,1744,59822
9/4/2019 0:00,PeakWD,17054,2239,3844,1351,19523,4333,10142,1675,60165
9/5/2019 0:00,PeakWD,16983,2236,3818,1353,19363,4202,10062,1734,59753
9/6/2019 0:00,PeakWD,16724,2232,3798,1335,19763,4634,10229,1737,60455
9/9/2019 0:00,PeakWD,16339,2127,3573,1344,19349,4753,9815,1763,59064
9/10/2019 0:00,PeakWD,15713,2128,3638,1330,19150,4527,9230,1727,57445
9/11/2019 0:00,PeakWD,15270,2145,3653,1302,18668,4271,8683,1691,55687
9/12/2019 0:00,PeakWD,15816,2199,3765,1294,18821,4262,9496,1676,57333
9/13/2019 0:00,PeakWD,15744,2173,3722,1175,18584,4477,9442,1624,56945
9/16/2019 0:00,PeakWD,14923,2218,3654,1344,19486,4423,9807,1695,57554
9/17/2019 0:00,PeakWD,13022,2055,3731,1324,18825,4722,9166,1735,54583
9/18/2019 0:00,PeakWD,13332,1889,3818,1282,18612,4901,10050,1764,55653
9/19/2019 0:00,PeakWD,12320,1780,3740,1189,15802,4931,9853,1786,51405
9/20/2019 0:00,PeakWD,14011,1966,3843,1057,18145,4809,9750,1663,55248
9/23/2019 0:00,PeakWD,15134,2166,3675,1182,19219,4684,9979,1717,57759
9/24/2019 0:00,PeakWD,15204,2154,3654,1189,19165,4619,9748,1679,57415
9/25/2019 0:00,PeakWD,15158,2158,3735,1301,19542,4732,9720,1756,58106
9/26/2019 0:00,PeakWD,15231,2128,3800,1234,18974,4636,9674,1706,57386
9/27/2019 0:00,PeakWD,14112,2019,3828,1273,18618,4723,9478,1718,55772
9/30/2019 0:00,PeakWD,16069,2150,3719,1202,18437,4697,9726,1772,57776
10/1/2019 0:00,PeakWD,15538,2119,3838,1178,18544,4582,9512,1705,57019
10/2/2019 0:00,PeakWD,15326,2143,3772,1216,18689,4576,9437,1668,56831
10/3/2019 0:00,PeakWD,15158,2133,3647,1200,18575,4316,9294,1733,56060
10/4/2019 0:00,PeakWD,15092,2061,3640,1114,17117,4271,9000,1593,53891
10/7/2019 0:00,PeakWD,13910,1590,3420,912,13103,4273,7615,1298,46124
10/8/2019 0:00,PeakWD,12688,1579,3377,970,12907,4141,7377,1543,44585
10/9/2019 0:00,PeakWD,13980,1781,3719,1082,15053,4510,8602,1666,50395
10/10/2019 0:00,PeakWD,15270,2038,3664,1128,16289,4769,9520,1786,54468
10/11/2019 0:00,PeakWD,10631,1361,3457,820,10836,3483,5629,1159,37380
10/14/2019 0:00,PeakWD,13764,1596,3633,924,12092,4289,7779,1312,45392
10/15/2019 0:00,PeakWD,15076,1772,3642,1088,14130,4606,8588,1387,50293
10/16/2019 0:00,PeakWD,10846,1410,3444,894,10932,3654,5861,1110,38154
10/17/2019 0:00,PeakWD,9704,1405,3435,924,11008,3265,5825,1294,36863
10/18/2019 0:00,PeakWD,11102,1433,3578,895,11145,3811,6282,1461,39711
10/21/2019 0:00,PeakWD,11669,1560,3477,869,11500,3988,6570,1296,40933
10/22/2019 0:00,PeakWD,10500,1472,3514,875,11074,3586,6157,1168,38350
10/23/2019 0:00,PeakWD,11014,1417,3565,928,11751,3829,6668,1282,40457
10/24/2019 0:00,PeakWD,12045,1511,3442,944,11450,4069,6823,1440,41728
10/25/2019 0:00,PeakWD,10009,1405,3540,901,12028,2720,5808,1306,37720
10/28/2019 0:00,PeakWD,11039,1435,3558,885,11252,3589,6186,1281,39226
10/29/2019 0:00,PeakWD,11074,1416,3604,975,12745,3833,5879,1351,40881
10/30/2019 0:00,PeakWD,10316,1540,3831,1082,14487,3383,6824,1527,42993
10/31/2019 0:00,PeakWD,10873,1634,3310,1050,13869,2964,6876,1491,42070
11/1/2019 0:00,PeakWD,10494,1555,3279,996,12673,2758,6393,1439,39592
11/4/2019 0:00,PeakWD,10721,1400,3412,880,11363,3351,6052,1357,38538
11/5/2019 0:00,PeakWD,11652,1518,3454,858,11292,3631,6505,1267,40181
11/6/2019 0:00,PeakWD,11415,1523,3279,834,11607,3658,6703,1495,40517
11/7/2019 0:00,PeakWD,10691,1472,3518,991,12878,3703,6108,1645,41011
11/8/2019 0:00,PeakWD,10798,1574,3612,956,12601,3049,6837,1391,40821
11/11/2019 0:00,PeakWD,10799,1625,3908,1101,15164,3309,6803,1658,44370
11/12/2019 0:00,PeakWD,12593,2037,3740,1204,16992,4548,8750,1660,51529
11/13/2019 0:00,PeakWD,11996,1895,3727,1062,15727,4225,8361,1563,48560
11/14/2019 0:00,PeakWD,11692,1814,3719,963,13155,3635,7895,1396,44272
11/15/2019 0:00,PeakWD,10243,1573,3586,965,12486,3070,6528,1394,39848
11/18/2019 0:00,PeakWD,9924,1489,3666,874,11594,2992,5893,1171,37608
11/19/2019 0:00,PeakWD,10078,1469,3606,865,11520,3082,5854,1257,37733
11/20/2019 0:00,PeakWD,10709,1445,3610,861,11674,3386,6239,1320,39246
11/21/2019 0:00,PeakWD,11477,1481,3614,854,11764,3444,6392,1299,40329
11/22/2019 0:00,PeakWD,10783,1485,3664,979,12734,3146,5869,1337,40000
11/25/2019 0:00,PeakWD,10970,1449,3700,867,11331,3259,6021,1244,38844
11/26/2019 0:00,PeakWD,12094,1494,3592,888,11426,3358,6126,1322,40305
11/27/2019 0:00,PeakWD,10371,1438,3840,972,12653,2976,6083,1361,39698
11/29/2019 0:00,PeakWD,11065,1312,3748,886,11530,3211,5733,1194,38682
12/2/2019 0:00,PeakWD,10910,1638,3566,991,12830,2917,6243,1438,40536
12/3/2019 0:00,PeakWD,10975,1550,3621,935,12006,3000,6080,1250,39420
12/4/2019 0:00,PeakWD,10842,1518,3626,922,11809,3045,5889,1344,38998
12/5/2019 0:00,PeakWD,10985,1494,3542,890,11571,3233,5955,1360,39034
12/6/2019 0:00,PeakWD,11083,1418,3612,936,11442,3137,5752,1260,38643
12/9/2019 0:00,PeakWD,12384,1408,3673,949,11886,3408,6264,1327,41303
12/10/2019 0:00,PeakWD,11443,1719,3733,1121,15266,3251,7317,1556,45408
12/11/2019 0:00,PeakWD,11376,1616,3764,1083,13976,3520,7147,1554,44040
12/12/2019 0:00,PeakWD,11103,1575,3718,1011,13109,3092,6722,1345,41679
12/13/2019 0:00,PeakWD,10842,1424,3730,976,12061,2975,6058,1258,39328
12/16/2019 0:00,PeakWD,11364,1687,3872,1144,15900,3294,6566,1448,45276
12/17/2019 0:00,PeakWD,12167,1825,3797,1110,15124,3501,7658,1530,46716
12/18/2019 0:00,PeakWD,12039,1737,3758,1033,13892,3446,7256,1528,44692
12/19/2019 0:00,PeakWD,11784,1742,4009,1008,13864,3178,7161,1443,44192
12/20/2019 0:00,PeakWD,11598,1750,3724,1022,14237,3038,7036,1436,43845
12/23/2019 0:00,PeakWD,10748,1539,3740,930,12540,3093,6354,1274,40222
12/24/2019 0:00,PeakWD,10264,1318,3730,850,11301,2975,5898,1225,37565
12/26/2019 0:00,PeakWD,10397,1341,3729,832,11119,2974,5698,1192,37286
12/27/2019 0:00,PeakWD,10320,1340,3865,809,10982,3033,5686,1086,37123
12/30/2019 0:00,PeakWD,10689,1560,3646,996,13343,2961,6418,1398,41015
12/31/2019 0:00,PeakWD,10612,1514,3713,977,12731,3007,6373,1301,40232
